timestamp,price
2025-09-12,228.68827626713545
2025-09-13,242.21885145623688
2025-09-14,242.57070224470883
2025-09-15,240.2308585470568
2025-09-16,234.2209746101153
2025-09-17,236.9184933999762
2025-09-18,244.7148602803344
2025-09-19,247.59944363004428
2025-09-20,238.56271348048392
2025-09-21,239.56497982373853
2025-09-22,236.4512767492593
2025-09-23,220.45569255221636
2025-09-24,213.6985956125151
2025-09-25,211.62431724598696
2025-09-26,193.41099740739065
2025-09-27,204.81544207335943
2025-09-28,203.5629663855269
2025-09-29,210.7475002663132
2025-09-30,212.92369932398225
2025-10-01,208.8579841163509
2025-10-02,221.87788206611364
2025-10-03,234.78399661993012
2025-10-04,233.04397396283912
2025-10-05,228.00950694210047
2025-10-06,228.5162332583176
2025-10-07,232.63341831761747
2025-10-08,220.38956435964568
2025-10-09,229.091625881658
2025-10-10,220.95337084458515
2025-10-11,188.7926485329733
2025-10-12,177.98430501390146
2025-10-13,197.2146674369267
2025-10-14,208.60633453023536
2025-10-15,202.58499940260515
2025-10-16,193.98189964651897
2025-10-17,184.676653314175
2025-10-18,182.1459454130084
2025-10-19,187.6503123404748
2025-10-20,187.79198147575528
2025-10-21,189.717698834749
2025-10-22,185.72442261780827
2025-10-23,180.0884506434004
2025-10-24,191.4105154932252
2025-10-25,193.5224673498789
2025-10-26,193.93319201308577
2025-10-27,200.0215931980344
2025-10-28,198.77163279922976
2025-10-29,194.29867849889453
2025-10-30,194.0726847621732
2025-10-31,184.49846534649268
2025-11-01,187.1659046571601
2025-11-02,186.31885199348687
2025-11-03,187.6722261973516
2025-11-04,165.88821459720248
2025-11-05,155.1980725305336
2025-11-06,162.46544782382182
2025-11-07,155.05793557990853
2025-11-08,161.69017397076755
2025-11-09,157.796348381377
2025-11-10,164.4107555710944
2025-11-11,167.38292233660445
2025-11-12,154.65635090993268
2025-11-13,153.25824234818612
2025-11-14,144.6022158116688
2025-11-15,138.98547920304102
2025-11-16,139.26651582272305
2025-11-17,137.13897250282486
2025-11-18,130.8066278178265
2025-11-19,140.6208727874062
2025-11-20,136.71697636188486
2025-11-21,133.61111774040782
2025-11-22,128.57234151997437
2025-11-23,127.55257578894552
2025-11-24,130.58087966204394
2025-11-25,138.35323319673398
2025-11-26,138.9326415526744
2025-11-27,143.01829550662933
2025-11-28,140.84645123344353
2025-11-29,137.40059276029743
2025-11-30,136.02333573557007
2025-12-01,133.82640627084265
2025-12-02,126.67388526602132
2025-12-03,138.67222008976705
2025-12-04,144.82904690237106
2025-12-05,139.01629771281043
2025-12-06,133.231965401601
2025-12-07,132.2605923315256
2025-12-08,131.95984726955456
2025-12-09,133.22869851109667
2025-12-10,137.8941468193958
2025-12-11,136.36516972784412
2025-12-12,136.47367573628597
2025-12-13,132.30236894589092
2025-12-14,133.17026302389507
2025-12-15,129.49535610673396
2025-12-16,127.71787718749329
2025-12-17,129.09757727148104
2025-12-18,123.1722233035213
2025-12-19,119.53477491010813
2025-12-20,126.19398384656624
2025-12-21,125.78203025133216
2025-12-22,126.02413413596209
2025-12-23,125.82827489791832
2025-12-24,124.03308958475714
2025-12-25,122.460155121348
2025-12-26,120.01776608161182
2025-12-27,122.19194432561508
2025-12-28,124.67249933750114
2025-12-29,125.15033815137768
2025-12-30,123.12034386014282
2025-12-31,124.82656574921522
2026-01-01,124.52107166245452
2026-01-02,126.95621771235598
2026-01-03,132.31679963702925
2026-01-04,133.30031232821088
2026-01-05,134.43165907625135
2026-01-06,138.0003095859337
2026-01-07,140.8297481272592
2026-01-08,136.19851494230633
2026-01-09,138.37930950675758
2026-01-10,135.86713631404515
2026-01-11,135.84312878216107
2026-01-12,139.3201851544604
2026-01-13,139.07230582809257
2026-01-14,145.73859432253883
2026-01-15,146.51080044413305
2026-01-16,142.37528313106432
2026-01-17,144.91193902286835
2026-01-18,143.68428258663917
2026-01-19,135.50334566395688
2026-01-20,133.4132387086627
2026-01-21,126.10764632319888
2026-01-22,129.72621773671372
2026-01-23,128.50157375860476
2026-01-24,127.45408198467358
2026-01-25,127.3909695406124
2026-01-26,118.66203053729116
2026-01-27,124.18651087241786
2026-01-28,127.20506143377902
2026-01-29,125.36504185209182
2026-01-30,117.8829797223508
2026-01-31,117.47753461829744
2026-02-01,105.49281488444598
2026-02-02,100.881066130847
2026-02-03,104.39215459693564
2026-02-04,97.6309479602485
2026-02-05,92.0568681732404
2026-02-06,78.40434132437782
2026-02-07,86.97764557641793
2026-02-08,87.54346373381755
2026-02-09,87.2357989380757
2026-02-10,86.80274713927635
2026-02-11,82.97679507645698
2026-02-12,79.55930152154403
2026-02-13,78.62969332713851
2026-02-14,84.45790130055087
2026-02-15,88.16311329534221
2026-02-16,86.28536644166955
2026-02-17,86.5771448069784
2026-02-18,85.34355742185454
2026-02-19,81.75815785366494
2026-02-20,82.6525984959415
2026-02-21,84.79782002630832
2026-02-22,85.4563629671115
2026-02-23,78.74991176781678
2026-02-24,78.26986413795304
2026-02-25,79.15515746010666
2026-02-26,88.07924459617706
2026-02-27,86.07936596494483
2026-02-28,82.04418185445192
2026-03-01,84.67491088061367
2026-03-02,83.73986956786652
2026-03-03,86.75098086219938
2026-03-04,87.05158771027426
2026-03-05,91.07299801568064
2026-03-06,88.95101498981624
2026-03-07,84.7320068085851
2026-03-08,83.62301487964194
2026-03-09,81.88428957123448
2026-03-10,85.02093175468558
2026-03-11,85.89560657695257
2026-03-12,86.5581504342351
2026-03-13,86.91319465805584
2026-03-14,88.13547874972527
2026-03-15,88.22402192508966
2026-03-16,92.84245908141786
2026-03-17,95.89308559272592
2026-03-18,94.88825668690212
2026-03-19,90.115544198641
2026-03-20,89.13814377366043
2026-03-21,89.88102391501674
2026-03-22,86.94066815337234
2026-03-23,86.51000589698566
2026-03-24,91.61995872641153
2026-03-25,90.95642493892578
2026-03-26,91.79638934133811
2026-03-27,86.56000919831459
2026-03-28,83.00571325553047
2026-03-29,82.1077280474731
2026-03-30,81.38667344193283
2026-03-31,82.4461259589699
2026-04-01,83.03928802068708
2026-04-02,81.21202678364425
2026-04-03,79.04954676326335
2026-04-04,80.4339628863637
2026-04-05,80.90650747975322
2026-04-06,82.54140759499754
2026-04-07,80.14391345270856
2026-04-08,85.73782127486712
2026-04-09,82.52857912633098
2026-04-10,83.30191658280422
2026-04-11,84.80770646580707
2026-04-12,84.93208356676055
2026-04-13,81.48683233639147
2026-04-14,86.63567521441236
2026-04-15,83.81940155901538
2026-04-16,84.96031849144572
2026-04-17,89.09592877870321
2026-04-18,88.8299708972434
2026-04-19,86.16588217188954
2026-04-20,83.50924821523091
2026-04-21,85.29408341135965
2026-04-22,86.0424364200775
2026-04-23,86.93158314182028
2026-04-24,86.14014927124724
2026-04-25,86.2185542154086
2026-04-26,86.19672544782625
2026-04-27,86.93731595191888
2026-04-28,84.80959100944631
2026-04-29,84.04602358960982
2026-04-30,83.03560020545386
2026-05-01,83.03995075848528
2026-05-02,83.74516060974149
2026-05-03,84.2627584319434
2026-05-04,83.84166473387728
2026-05-05,84.08449536741543
2026-05-06,86.30486668344513
2026-05-07,89.16544229478262
2026-05-08,88.43226804224953
2026-05-09,92.0051901272934
2026-05-10,93.14241861919784
2026-05-11,96.4109436575395
2026-05-12,97.25241253260012
2026-05-13,94.2851237047102
2026-05-14,91.1181109418428
2026-05-15,92.1198653434353
2026-05-16,89.1991049638626
2026-05-17,86.51689163386662
2026-05-18,85.18280454864586
2026-05-19,85.31915788905131
2026-05-20,84.19081048342706
2026-05-21,86.05865859618997
2026-05-22,87.17389465455327
2026-05-23,84.31186681406471
2026-05-24,85.6707931191255
2026-05-25,85.22303380051963
2026-05-26,84.97682971506052
2026-05-27,83.66751400447032
2026-05-28,82.33204554881856
2026-05-29,82.0439463262634
2026-05-30,81.9770412126185
2026-05-31,82.68649732797877
2026-06-01,82.33762528669455
2026-06-02,81.16096271852808
2026-06-03,74.13901501343945
2026-06-04,71.5436851656655
2026-06-05,68.81086787182636
2026-06-06,63.63313109112329
2026-06-07,62.17918349826299
2026-06-08,66.42475751544987
2026-06-09,66.80256146212376
2026-06-10,64.9237603504689
2026-06-11,63.18212175433404
2026-06-12,66.81660398292856
2026-06-13,66.77674858898844
2026-06-14,68.87994920794057
2026-06-15,71.21816957667109
2026-06-16,73.9490661555558
2026-06-17,73.4631155495267
2026-06-18,71.98435089991071
2026-06-19,69.64875448394535
2026-06-20,69.67510636134296
2026-06-21,73.18000530963474
2026-06-22,72.42261496688492
2026-06-23,71.84825365060954
2026-06-24,69.6086375465547
2026-06-25,67.94878023470052
2026-06-26,67.63197484567073
2026-06-27,71.81424446301368
2026-06-28,70.40481823828176
2026-06-29,71.2724585453322
2026-06-30,75.01499688974292
2026-07-01,73.56481907476494
2026-07-02,77.36147682738353
2026-07-03,80.61965067731505
2026-07-04,82.29123076434712
2026-07-05,81.70349684813986
2026-07-06,81.51563065259701
2026-07-07,81.88843062284806
2026-07-08,80.58601402999597
2026-07-09,77.78886312209272
2026-07-10,77.99219264415099
2026-07-11,78.06878587097549
2026-07-12,76.71562325891836
2026-07-13,76.86985248774823
2026-07-14,74.93128320593416
2026-07-15,77.80864772344317
2026-07-16,77.23864761387213
2026-07-17,75.26924720120745
2026-07-18,75.00200273777084
2026-07-19,75.48105541148355
2026-07-20,76.311803624947
2026-07-21,77.74886056354681
2026-07-22,78.08824475788602
2026-07-23,77.93926390412061
2026-07-24,75.85134810030104
2026-07-25,73.90776692044658
2026-07-26,74.47711500496659
2026-07-27,76.69020217092319
2026-07-28,74.14305915534644
2026-07-29,73.77225682424617
2026-07-30,73.61124492942123
2026-07-31,74.46304923578987
2026-08-01,72.79498313468054
2026-08-02,71.89412540165443
2026-08-03,73.5466467652331
2026-08-04,73.48861779525183
2026-08-05,73.7132413282771
2026-08-06,73.98563070196333
2026-08-07,72.63053979307217
2026-08-08,73.61748637019244
2026-08-09,75.95980019087798
2026-08-10,76.2136945390063
2026-08-11,75.92477495236717
2026-08-12,76.21620473970299
2026-08-13,75.5587764536576
2026-08-14,76.20210719138348
2026-08-15,75.3354966028721
2026-08-16,75.27983398665542
2026-08-17,74.5477464048606
2026-08-18,75.9729945474511
2026-08-19,77.00190398395006
2026-08-20,85.33310287519124
2026-08-21,87.6519814449933
2026-08-22,93.69380351149786
2026-08-23,93.88470787526389
2026-08-24,95.4075653871385
2026-08-25,98.8672192260562
2026-08-26,96.5763305713578
2026-08-27,102.04890414405412
2026-08-28,109.17730597799655
2026-08-29,104.11408013203008
2026-08-30,105.5938871300456
2026-08-31,101.68286901296828
2026-09-01,103.01068194219994
2026-09-02,99.96528544069068
2026-09-03,100.39064957766638
2026-09-04,103.96051784332946
2026-09-05,101.92907583272796
2026-09-06,103.16637621681608
2026-09-07,106.49007263898544
2026-09-08,103.77243552193976
2026-09-09,103.36010446946288
2026-09-10,101.56828258356754
2026-09-11,104.12031721154844
