,date,priceSol,coin,priceBTC,Coin
0,12/09/2021,174.5376282,solana,46063.26953,bitcoin
1,13/09/2021,169.2695465,solana,44963.07422,bitcoin
2,14/09/2021,158.0948181,solana,47092.49219,bitcoin
3,15/09/2021,159.1173859,solana,48176.34766,bitcoin
4,16/09/2021,152.4740601,solana,47783.35938,bitcoin
5,17/09/2021,147.5930634,solana,47267.51953,bitcoin
6,18/09/2021,169.1842194,solana,48278.36328,bitcoin
7,19/09/2021,152.5166931,solana,47260.21875,bitcoin
8,20/09/2021,132.1344604,solana,42843.80078,bitcoin
9,21/09/2021,123.9503937,solana,40693.67578,bitcoin
10,22/09/2021,147.9242554,solana,43574.50781,bitcoin
11,23/09/2021,149.7535706,solana,44895.09766,bitcoin
12,24/09/2021,139.3956451,solana,42839.75,bitcoin
13,25/09/2021,136.1789246,solana,42716.59375,bitcoin
14,26/09/2021,135.6993713,solana,43208.53906,bitcoin
15,27/09/2021,136.7284241,solana,42235.73047,bitcoin
16,28/09/2021,131.5372162,solana,41034.54297,bitcoin
17,29/09/2021,135.3514557,solana,41564.36328,bitcoin
18,30/09/2021,141.069046,solana,43790.89453,bitcoin
19,01/10/2021,161.682373,solana,48116.94141,bitcoin
20,02/10/2021,169.0930176,solana,47711.48828,bitcoin
21,03/10/2021,172.5891571,solana,48199.95313,bitcoin
22,04/10/2021,166.7319183,solana,49112.90234,bitcoin
23,05/10/2021,164.1158295,solana,51514.8125,bitcoin
24,06/10/2021,154.1077423,solana,55361.44922,bitcoin
25,07/10/2021,154.281189,solana,53805.98438,bitcoin
26,08/10/2021,158.9492035,solana,53967.84766,bitcoin
27,09/10/2021,156.8258362,solana,54968.22266,bitcoin
28,10/10/2021,148.0487061,solana,54771.57813,bitcoin
29,11/10/2021,144.858139,solana,57484.78906,bitcoin
30,12/10/2021,152.7371216,solana,56041.05859,bitcoin
31,13/10/2021,148.1760406,solana,57401.09766,bitcoin
32,14/10/2021,149.7568054,solana,57321.52344,bitcoin
33,15/10/2021,162.5962067,solana,61593.94922,bitcoin
34,16/10/2021,157.5388184,solana,60892.17969,bitcoin
35,17/10/2021,159.7438049,solana,61553.61719,bitcoin
36,18/10/2021,157.2312775,solana,62026.07813,bitcoin
37,19/10/2021,156.0170288,solana,64261.99219,bitcoin
38,20/10/2021,175.9468689,solana,65992.83594,bitcoin
39,21/10/2021,190.3184357,solana,62210.17188,bitcoin
40,22/10/2021,196.4315338,solana,60692.26563,bitcoin
41,23/10/2021,197.7038574,solana,61393.61719,bitcoin
42,24/10/2021,202.3619843,solana,60930.83594,bitcoin
43,25/10/2021,210.1042938,solana,63039.82422,bitcoin
44,26/10/2021,199.807251,solana,60363.79297,bitcoin
45,27/10/2021,183.7745972,solana,58482.38672,bitcoin
46,28/10/2021,194.8639832,solana,60622.13672,bitcoin
47,29/10/2021,200.1827545,solana,62227.96484,bitcoin
48,30/10/2021,195.4160614,solana,61888.83203,bitcoin
49,31/10/2021,202.4210205,solana,61318.95703,bitcoin
50,01/11/2021,203.5450897,solana,61004.40625,bitcoin
51,02/11/2021,220.2395935,solana,63226.40234,bitcoin
52,03/11/2021,242.898819,solana,62970.04688,bitcoin
53,04/11/2021,247.3877716,solana,61452.23047,bitcoin
54,05/11/2021,236.4743347,solana,61125.67578,bitcoin
55,06/11/2021,258.9343262,solana,61527.48047,bitcoin
56,07/11/2021,249.8234863,solana,63326.98828,bitcoin
57,08/11/2021,248.4671783,solana,67566.82813,bitcoin
58,09/11/2021,239.2131348,solana,66971.82813,bitcoin
59,10/11/2021,233.7795258,solana,64995.23047,bitcoin
60,11/11/2021,234.2407532,solana,64949.96094,bitcoin
61,12/11/2021,228.5020905,solana,64155.94141,bitcoin
62,13/11/2021,241.8250275,solana,64469.52734,bitcoin
63,14/11/2021,238.4255219,solana,65466.83984,bitcoin
64,15/11/2021,237.5536041,solana,63557.87109,bitcoin
65,16/11/2021,219.2390289,solana,60161.24609,bitcoin
66,17/11/2021,218.7152405,solana,60368.01172,bitcoin
67,18/11/2021,195.4874115,solana,56942.13672,bitcoin
68,19/11/2021,215.280014,solana,58119.57813,bitcoin
69,20/11/2021,218.015274,solana,59697.19531,bitcoin
70,21/11/2021,231.2826233,solana,58730.47656,bitcoin
71,22/11/2021,215.7372742,solana,56289.28906,bitcoin
72,23/11/2021,221.8368988,solana,57569.07422,bitcoin
73,24/11/2021,214.9215393,solana,56280.42578,bitcoin
74,25/11/2021,206.2529907,solana,57274.67969,bitcoin
75,26/11/2021,191.5117493,solana,53569.76563,bitcoin
76,27/11/2021,193.1021576,solana,54815.07813,bitcoin
77,28/11/2021,200.676651,solana,57248.45703,bitcoin
78,29/11/2021,204.3193665,solana,57806.56641,bitcoin
79,30/11/2021,208.67099,solana,57005.42578,bitcoin
80,01/12/2021,229.7992401,solana,57229.82813,bitcoin
81,02/12/2021,233.993042,solana,56477.81641,bitcoin
82,03/12/2021,211.2243958,solana,53598.24609,bitcoin
83,04/12/2021,201.1248322,solana,49200.70313,bitcoin
84,05/12/2021,196.1682587,solana,49368.84766,bitcoin
85,06/12/2021,194.1992188,solana,50582.625,bitcoin
86,07/12/2021,190.5969086,solana,50700.08594,bitcoin
87,08/12/2021,194.6217041,solana,50504.79688,bitcoin
88,09/12/2021,181.1780853,solana,47672.12109,bitcoin
89,10/12/2021,167.954834,solana,47243.30469,bitcoin
90,11/12/2021,171.9494934,solana,49362.50781,bitcoin
91,12/12/2021,173.4316711,solana,50098.33594,bitcoin
92,13/12/2021,155.2130585,solana,46737.48047,bitcoin
93,14/12/2021,153.3414459,solana,46612.63281,bitcoin
94,15/12/2021,178.3407898,solana,48896.72266,bitcoin
95,16/12/2021,176.9546661,solana,47665.42578,bitcoin
96,17/12/2021,175.5032959,solana,46202.14453,bitcoin
97,18/12/2021,182.8351288,solana,46848.77734,bitcoin
98,19/12/2021,180.098053,solana,46707.01563,bitcoin
99,20/12/2021,173.6717834,solana,46880.27734,bitcoin
100,21/12/2021,180.0925446,solana,48936.61328,bitcoin
101,22/12/2021,178.5971222,solana,48628.51172,bitcoin
102,23/12/2021,190.0363159,solana,50784.53906,bitcoin
103,24/12/2021,190.2731934,solana,50822.19531,bitcoin
104,25/12/2021,193.1209259,solana,50429.85938,bitcoin
105,26/12/2021,198.0007324,solana,50809.51563,bitcoin
106,27/12/2021,195.4295044,solana,50640.41797,bitcoin
107,28/12/2021,177.4256287,solana,47588.85547,bitcoin
108,29/12/2021,170.6575623,solana,46444.71094,bitcoin
109,30/12/2021,172.7511902,solana,47178.125,bitcoin
110,31/12/2021,170.2990723,solana,46306.44531,bitcoin
111,01/01/2022,178.5179443,solana,47686.8125,bitcoin
112,02/01/2022,176.382843,solana,47345.21875,bitcoin
113,03/01/2022,170.2977448,solana,46458.11719,bitcoin
114,04/01/2022,167.9389038,solana,45897.57422,bitcoin
115,05/01/2022,155.0997314,solana,43569.00391,bitcoin
116,06/01/2022,150.4313507,solana,43160.92969,bitcoin
117,07/01/2022,136.4028168,solana,41557.90234,bitcoin
118,08/01/2022,142.5134583,solana,41733.94141,bitcoin
119,09/01/2022,140.8390045,solana,41911.60156,bitcoin
120,10/01/2022,135.9549408,solana,41821.26172,bitcoin
121,11/01/2022,140.1838531,solana,42735.85547,bitcoin
122,12/01/2022,151.7031097,solana,43949.10156,bitcoin
123,13/01/2022,146.0100403,solana,42591.57031,bitcoin
124,14/01/2022,146.1590271,solana,43099.69922,bitcoin
125,15/01/2022,147.801178,solana,43177.39844,bitcoin
126,16/01/2022,147.8565216,solana,43113.87891,bitcoin
127,17/01/2022,139.9260101,solana,42250.55078,bitcoin
128,18/01/2022,141.5871887,solana,42375.63281,bitcoin
129,19/01/2022,135.7923889,solana,41744.32813,bitcoin
130,20/01/2022,127.2052841,solana,40680.41797,bitcoin
131,21/01/2022,111.9660568,solana,36457.31641,bitcoin
132,22/01/2022,94.17836761,solana,35030.25,bitcoin
133,23/01/2022,99.57822418,solana,36276.80469,bitcoin
134,24/01/2022,91.65016174,solana,36654.32813,bitcoin
135,25/01/2022,94.72035217,solana,36954.00391,bitcoin
136,26/01/2022,92.23804474,solana,36852.12109,bitcoin
137,27/01/2022,89.63249207,solana,37138.23438,bitcoin
138,28/01/2022,91.31289673,solana,37784.33203,bitcoin
139,29/01/2022,96.22348785,solana,38138.17969,bitcoin
140,30/01/2022,93.29767609,solana,37917.60156,bitcoin
141,31/01/2022,99.7388382,solana,38483.125,bitcoin
142,01/02/2022,109.978981,solana,38743.27344,bitcoin
143,02/02/2022,101.8376007,solana,36952.98438,bitcoin
144,03/02/2022,101.4590378,solana,37154.60156,bitcoin
145,04/02/2022,112.1742477,solana,41500.875,bitcoin
146,05/02/2022,113.8943024,solana,41441.16406,bitcoin
147,06/02/2022,115.2997589,solana,42412.43359,bitcoin
148,07/02/2022,117.3551483,solana,43840.28516,bitcoin
149,08/02/2022,113.5954819,solana,44118.44531,bitcoin
150,09/02/2022,114.0193787,solana,44338.79688,bitcoin
151,10/02/2022,106.2028046,solana,43565.11328,bitcoin
152,11/02/2022,96.38188171,solana,42407.9375,bitcoin
153,12/02/2022,95.91820526,solana,42244.46875,bitcoin
154,13/02/2022,93.24410248,solana,42197.51563,bitcoin
155,14/02/2022,96.43327332,solana,42586.91797,bitcoin
156,15/02/2022,104.8733063,solana,44575.20313,bitcoin
157,16/02/2022,101.9328995,solana,43961.85938,bitcoin
158,17/02/2022,93.41042328,solana,40538.01172,bitcoin
159,18/02/2022,90.06546021,solana,40030.97656,bitcoin
160,19/02/2022,91.4966507,solana,40122.15625,bitcoin
161,20/02/2022,90.90141296,solana,38431.37891,bitcoin
162,21/02/2022,83.12316132,solana,37075.28125,bitcoin
163,22/02/2022,86.46538544,solana,38286.02734,bitcoin
164,23/02/2022,84.90278625,solana,37296.57031,bitcoin
165,24/02/2022,89.19474792,solana,38332.60938,bitcoin
166,25/02/2022,92.59882355,solana,39214.21875,bitcoin
167,26/02/2022,90.14156342,solana,39105.14844,bitcoin
168,27/02/2022,85.5190506,solana,37709.78516,bitcoin
169,28/02/2022,99.5203476,solana,43193.23438,bitcoin
170,01/03/2022,98.65355682,solana,44354.63672,bitcoin
171,02/03/2022,100.6496353,solana,43924.11719,bitcoin
172,03/03/2022,95.53919983,solana,42451.78906,bitcoin
173,04/03/2022,88.24597931,solana,39137.60547,bitcoin
174,05/03/2022,89.64784241,solana,39400.58594,bitcoin
175,06/03/2022,84.54218292,solana,38419.98438,bitcoin
176,07/03/2022,82.13006592,solana,38062.03906,bitcoin
177,08/03/2022,82.25476074,solana,38737.26953,bitcoin
178,09/03/2022,88.20206451,solana,41982.92578,bitcoin
179,10/03/2022,82.93908691,solana,39437.46094,bitcoin
180,11/03/2022,80.74499512,solana,38794.97266,bitcoin
181,12/03/2022,81.55381775,solana,38904.01172,bitcoin
182,13/03/2022,78.9360733,solana,37849.66406,bitcoin
183,14/03/2022,81.17333984,solana,39666.75391,bitcoin
184,15/03/2022,82.95508575,solana,39338.78516,bitcoin
185,16/03/2022,87.90362549,solana,41143.92969,bitcoin
186,17/03/2022,87.87684631,solana,40951.37891,bitcoin
187,18/03/2022,89.82203674,solana,41801.15625,bitcoin
188,19/03/2022,92.41815186,solana,42190.65234,bitcoin
189,20/03/2022,88.61486053,solana,41247.82422,bitcoin
190,21/03/2022,88.75720215,solana,41077.99609,bitcoin
191,22/03/2022,90.51296997,solana,42358.80859,bitcoin
192,23/03/2022,95.10268402,solana,42892.95703,bitcoin
193,24/03/2022,102.2236938,solana,43960.93359,bitcoin
194,25/03/2022,98.65810394,solana,44348.73047,bitcoin
195,26/03/2022,101.764183,solana,44500.82813,bitcoin
196,27/03/2022,107.0842209,solana,46820.49219,bitcoin
197,28/03/2022,106.4652557,solana,47128.00391,bitcoin
198,29/03/2022,111.7103119,solana,47465.73047,bitcoin
199,30/03/2022,120.6994858,solana,47062.66406,bitcoin
200,31/03/2022,122.6614609,solana,45538.67578,bitcoin
201,01/04/2022,134.4309387,solana,46281.64453,bitcoin
202,02/04/2022,132.1988678,solana,45868.94922,bitcoin
203,03/04/2022,136.7753296,solana,46453.56641,bitcoin
204,04/04/2022,132.4126282,solana,46622.67578,bitcoin
205,05/04/2022,126.862236,solana,45555.99219,bitcoin
206,06/04/2022,112.8833847,solana,43206.73828,bitcoin
207,07/04/2022,118.7965164,solana,43503.84766,bitcoin
208,08/04/2022,109.8008804,solana,42287.66406,bitcoin
209,09/04/2022,112.9727936,solana,42782.13672,bitcoin
210,10/04/2022,111.7424393,solana,42207.67188,bitcoin
211,11/04/2022,99.3391037,solana,39521.90234,bitcoin
212,12/04/2022,103.3063889,solana,40127.18359,bitcoin
213,13/04/2022,105.0019455,solana,41166.73047,bitcoin
214,14/04/2022,100.7078018,solana,39935.51563,bitcoin
215,15/04/2022,101.3097763,solana,40553.46484,bitcoin
216,16/04/2022,102.2573166,solana,40424.48438,bitcoin
217,17/04/2022,100.4096985,solana,39716.95313,bitcoin
218,18/04/2022,102.1585312,solana,40826.21484,bitcoin
219,19/04/2022,108.5820313,solana,41502.75,bitcoin
220,20/04/2022,105.4970016,solana,41374.37891,bitcoin
221,21/04/2022,101.7761383,solana,40527.36328,bitcoin
222,22/04/2022,100.6120529,solana,39740.32031,bitcoin
223,23/04/2022,100.7444382,solana,39486.73047,bitcoin
224,24/04/2022,99.23579407,solana,39469.29297,bitcoin
225,25/04/2022,101.2476349,solana,40458.30859,bitcoin
226,26/04/2022,95.78215027,solana,38117.46094,bitcoin
227,27/04/2022,98.3788681,solana,39241.12109,bitcoin
228,28/04/2022,98.18572998,solana,39773.82813,bitcoin
229,29/04/2022,94.01134491,solana,38609.82422,bitcoin
230,30/04/2022,85.09593201,solana,37714.875,bitcoin
231,01/05/2022,89.67150879,solana,38469.09375,bitcoin
232,02/05/2022,87.58101654,solana,38529.32813,bitcoin
233,03/05/2022,85.84237671,solana,37750.45313,bitcoin
234,04/05/2022,92.77085114,solana,39698.37109,bitcoin
235,05/05/2022,84.59602356,solana,36575.14063,bitcoin
236,06/05/2022,81.76410675,solana,36040.92188,bitcoin
237,07/05/2022,78.98342133,solana,35501.95313,bitcoin
238,08/05/2022,75.22018433,solana,34059.26563,bitcoin
239,09/05/2022,63.26965332,solana,30296.95313,bitcoin
240,10/05/2022,66.76615143,solana,31022.90625,bitcoin
241,11/05/2022,50.21084976,solana,28936.35547,bitcoin
242,12/05/2022,44.68358994,solana,29047.75195,bitcoin
243,13/05/2022,48.59355164,solana,29283.10352,bitcoin
244,14/05/2022,52.41722488,solana,30101.26563,bitcoin
245,15/05/2022,58.81126022,solana,31305.11328,bitcoin
246,16/05/2022,53.64646149,solana,29862.91797,bitcoin
247,17/05/2022,57.12562561,solana,30425.85742,bitcoin
248,18/05/2022,49.75621033,solana,28720.27148,bitcoin
249,19/05/2022,52.21397781,solana,30314.33398,bitcoin
250,20/05/2022,49.53850937,solana,29200.74023,bitcoin
251,21/05/2022,50.31798172,solana,29432.22656,bitcoin
252,22/05/2022,52.75518036,solana,30323.72266,bitcoin
253,23/05/2022,49.05685043,solana,29098.91016,bitcoin
254,24/05/2022,49.65333557,solana,29655.58594,bitcoin
255,25/05/2022,47.98242569,solana,29562.36133,bitcoin
256,26/05/2022,43.49121094,solana,29267.22461,bitcoin
257,27/05/2022,40.98134613,solana,28627.57422,bitcoin
258,28/05/2022,44.34316254,solana,28814.90039,bitcoin
259,29/05/2022,44.90961456,solana,29445.95703,bitcoin
260,30/05/2022,47.17944336,solana,31726.39063,bitcoin
261,31/05/2022,45.76784134,solana,31792.31055,bitcoin
262,01/06/2022,40.26966858,solana,29799.08008,bitcoin
263,02/06/2022,40.89134598,solana,30467.48828,bitcoin
264,03/06/2022,38.25922012,solana,29704.39063,bitcoin
265,04/06/2022,38.93144608,solana,29832.91406,bitcoin
266,05/06/2022,38.4805336,solana,29906.66211,bitcoin
267,06/06/2022,42.43313217,solana,31370.67188,bitcoin
268,07/06/2022,39.43757248,solana,31155.47852,bitcoin
269,08/06/2022,38.84336853,solana,30214.35547,bitcoin
270,09/06/2022,39.97260666,solana,30111.99805,bitcoin
271,10/06/2022,37.08976746,solana,29083.80469,bitcoin
272,11/06/2022,33.8211174,solana,28360.81055,bitcoin
273,12/06/2022,30.74327087,solana,26762.64844,bitcoin
274,13/06/2022,28.19236183,solana,22487.38867,bitcoin
275,14/06/2022,29.71461868,solana,22206.79297,bitcoin
276,15/06/2022,34.48794174,solana,22572.83984,bitcoin
277,16/06/2022,29.98974228,solana,20381.65039,bitcoin
278,17/06/2022,30.74291992,solana,20471.48242,bitcoin
279,18/06/2022,31.80793571,solana,19017.64258,bitcoin
280,19/06/2022,34.24374771,solana,20553.27148,bitcoin
281,20/06/2022,35.41711426,solana,20599.53711,bitcoin
282,21/06/2022,36.1211586,solana,20710.59766,bitcoin
283,22/06/2022,34.12163544,solana,19987.0293,bitcoin
284,23/06/2022,38.17523193,solana,21085.87695,bitcoin
285,24/06/2022,42.21204758,solana,21231.65625,bitcoin
286,25/06/2022,42.33281326,solana,21502.33789,bitcoin
287,26/06/2022,39.40808868,solana,21027.29492,bitcoin
288,27/06/2022,38.45125198,solana,20735.47852,bitcoin
289,28/06/2022,35.3264389,solana,20280.63477,bitcoin
290,29/06/2022,33.87390137,solana,20104.02344,bitcoin
291,30/06/2022,33.58841705,solana,19784.72656,bitcoin
292,01/07/2022,32.80307007,solana,19269.36719,bitcoin
293,02/07/2022,33.35940933,solana,19242.25586,bitcoin
294,03/07/2022,33.38593292,solana,19297.07617,bitcoin
295,04/07/2022,36.78503036,solana,20231.26172,bitcoin
296,05/07/2022,35.39555359,solana,20190.11523,bitcoin
297,06/07/2022,37.07356262,solana,20548.24609,bitcoin
298,07/07/2022,38.51830673,solana,21637.58789,bitcoin
299,08/07/2022,38.28672028,solana,21731.11719,bitcoin
300,09/07/2022,38.07196045,solana,21592.20703,bitcoin
301,10/07/2022,36.69760895,solana,20860.44922,bitcoin
302,11/07/2022,33.46360016,solana,19970.55664,bitcoin
303,12/07/2022,32.75759506,solana,19323.91406,bitcoin
304,13/07/2022,34.91093826,solana,20212.07422,bitcoin
305,14/07/2022,37.10782242,solana,20569.91992,bitcoin
306,15/07/2022,37.41592789,solana,20836.32813,bitcoin
307,16/07/2022,39.57412338,solana,21190.31641,bitcoin
308,17/07/2022,38.64472198,solana,20779.34375,bitcoin
309,18/07/2022,43.7461586,solana,22485.68945,bitcoin
310,19/07/2022,44.89987564,solana,23389.43359,bitcoin
311,20/07/2022,42.09366989,solana,23231.73242,bitcoin
312,21/07/2022,43.19059372,solana,23164.62891,bitcoin
313,22/07/2022,40.61850357,solana,22714.97852,bitcoin
314,23/07/2022,40.04097748,solana,22465.47852,bitcoin
315,24/07/2022,41.00658417,solana,22609.16406,bitcoin
316,25/07/2022,36.71199799,solana,21361.70117,bitcoin
317,26/07/2022,36.19085312,solana,21239.75391,bitcoin
318,27/07/2022,40.30784988,solana,22930.54883,bitcoin
319,28/07/2022,42.84526825,solana,23843.88672,bitcoin
320,29/07/2022,41.92699814,solana,23804.63281,bitcoin
321,30/07/2022,43.75588989,solana,23656.20703,bitcoin
322,31/07/2022,42.4002037,solana,23336.89648,bitcoin
323,01/08/2022,41.78648376,solana,23314.19922,bitcoin
324,02/08/2022,39.75450516,solana,22978.11719,bitcoin
325,03/08/2022,38.54441833,solana,22846.50781,bitcoin
326,04/08/2022,38.83067322,solana,22630.95703,bitcoin
327,05/08/2022,40.56103134,solana,23289.31445,bitcoin
328,06/08/2022,40.05700684,solana,22961.2793,bitcoin
329,07/08/2022,40.60559082,solana,23175.89063,bitcoin
330,08/08/2022,42.1705513,solana,23809.48633,bitcoin
331,09/08/2022,40.37262344,solana,23164.31836,bitcoin
332,10/08/2022,42.36586761,solana,23947.64258,bitcoin
333,11/08/2022,42.82178879,solana,23957.5293,bitcoin
334,12/08/2022,45.33475876,solana,24402.81836,bitcoin
335,13/08/2022,46.48534775,solana,24424.06836,bitcoin
336,14/08/2022,44.91656876,solana,24319.33398,bitcoin
337,15/08/2022,43.82322311,solana,24136.97266,bitcoin
338,16/08/2022,43.15880585,solana,23883.29102,bitcoin
339,17/08/2022,40.40305328,solana,23335.99805,bitcoin
340,18/08/2022,39.54523087,solana,23212.73828,bitcoin
341,19/08/2022,35.89025879,solana,20877.55273,bitcoin
342,20/08/2022,35.26973343,solana,21166.06055,bitcoin
343,21/08/2022,36.53319931,solana,21534.12109,bitcoin
344,22/08/2022,35.47438049,solana,21398.9082,bitcoin
345,23/08/2022,35.64625168,solana,21528.08789,bitcoin
346,24/08/2022,34.95791626,solana,21395.01953,bitcoin
347,25/08/2022,35.31646347,solana,21600.9043,bitcoin
348,26/08/2022,31.72636223,solana,20260.01953,bitcoin
349,27/08/2022,31.54243279,solana,20041.73828,bitcoin
350,28/08/2022,30.3922863,solana,19616.81445,bitcoin
351,29/08/2022,32.4652977,solana,20297.99414,bitcoin
352,30/08/2022,31.41205597,solana,19796.80859,bitcoin
353,31/08/2022,31.4729557,solana,20049.76367,bitcoin
354,01/09/2022,31.5856781,solana,20127.14063,bitcoin
355,02/09/2022,31.22793007,solana,19969.77148,bitcoin
356,03/09/2022,31.10948372,solana,19832.08789,bitcoin
357,04/09/2022,32.10695648,solana,19986.71289,bitcoin
358,05/09/2022,32.19464874,solana,19812.37109,bitcoin
359,06/09/2022,30.89174271,solana,18837.66797,bitcoin
360,07/09/2022,32.71091843,solana,19290.32422,bitcoin
361,08/09/2022,33.60864639,solana,19329.83398,bitcoin
362,09/09/2022,34.73976517,solana,21381.15234,bitcoin
363,10/09/2022,35.12672806,solana,21680.53906,bitcoin
364,11/09/2022,34.96596146,solana,21769.25586,bitcoin
365,12/09/2022,37.42418289,solana,22370.44922,bitcoin
366,13/09/2022,33.43081665,solana,20296.70703,bitcoin
367,14/09/2022,34.09157181,solana,20241.08984,bitcoin
368,15/09/2022,33.04768372,solana,19701.21094,bitcoin
369,16/09/2022,32.20885849,solana,19772.58398,bitcoin
370,17/09/2022,33.7507782,solana,20127.57617,bitcoin
371,18/09/2022,31.05985451,solana,19419.50586,bitcoin
372,19/09/2022,32.68530273,solana,19544.12891,bitcoin
373,20/09/2022,31.43304062,solana,18890.78906,bitcoin
374,21/09/2022,30.82637787,solana,18547.40039,bitcoin
375,22/09/2022,32.40890503,solana,19413.55078,bitcoin
376,23/09/2022,33.67663574,solana,19297.63867,bitcoin
377,24/09/2022,33.4626503,solana,18937.01172,bitcoin
378,25/09/2022,32.33536148,solana,18802.09766,bitcoin
379,26/09/2022,33.8805542,solana,19222.67188,bitcoin
380,27/09/2022,32.7501297,solana,19110.54688,bitcoin
381,28/09/2022,33.2354393,solana,19426.7207,bitcoin
382,29/09/2022,33.9524498,solana,19573.05078,bitcoin
383,30/09/2022,33.21244431,solana,19431.78906,bitcoin
384,01/10/2022,32.46939468,solana,19312.0957,bitcoin
385,02/10/2022,32.05569839,solana,19044.10742,bitcoin
386,03/10/2022,32.96762085,solana,19623.58008,bitcoin
387,04/10/2022,34.12247086,solana,20336.84375,bitcoin
388,05/10/2022,34.07388306,solana,20160.7168,bitcoin
389,06/10/2022,33.34281921,solana,19955.44336,bitcoin
390,07/10/2022,33.00146484,solana,19546.84961,bitcoin
391,08/10/2022,32.57793427,solana,19416.56836,bitcoin
392,09/10/2022,32.91388321,solana,19446.42578,bitcoin
393,10/10/2022,31.97083473,solana,19141.48438,bitcoin
394,11/10/2022,30.77686882,solana,19051.41797,bitcoin
395,12/10/2022,31.16548538,solana,19157.44531,bitcoin
396,13/10/2022,30.54451942,solana,19382.9043,bitcoin
397,14/10/2022,30.00741768,solana,19185.65625,bitcoin
398,15/10/2022,29.5753479,solana,19067.63477,bitcoin
399,16/10/2022,30.16884041,solana,19268.09375,bitcoin
400,17/10/2022,31.2248764,solana,19550.75781,bitcoin
401,18/10/2022,30.16433144,solana,19334.41602,bitcoin
402,19/10/2022,28.9007988,solana,19139.53516,bitcoin
403,20/10/2022,28.08509636,solana,19053.74023,bitcoin
404,21/10/2022,28.10867691,solana,19172.46875,bitcoin
405,22/10/2022,28.01386261,solana,19208.18945,bitcoin
406,23/10/2022,29.27007103,solana,19567.00781,bitcoin
407,24/10/2022,28.31006432,solana,19345.57227,bitcoin
408,25/10/2022,30.93997574,solana,20095.85742,bitcoin
409,26/10/2022,31.28472137,solana,20770.44141,bitcoin
410,27/10/2022,30.63062477,solana,20285.83594,bitcoin
411,28/10/2022,32.11126328,solana,20595.35156,bitcoin
412,29/10/2022,32.85712814,solana,20818.47656,bitcoin
413,30/10/2022,32.96593094,solana,20635.60352,bitcoin
414,31/10/2022,32.61103821,solana,20495.77344,bitcoin
415,01/11/2022,32.24842453,solana,20485.27344,bitcoin
416,02/11/2022,30.7880764,solana,20159.50391,bitcoin
417,03/11/2022,30.8438797,solana,20209.98828,bitcoin
418,04/11/2022,33.78085327,solana,21147.23047,bitcoin
419,05/11/2022,36.76576233,solana,21282.69141,bitcoin
420,06/11/2022,32.68358231,solana,20926.48633,bitcoin
421,07/11/2022,29.60134506,solana,20602.81641,bitcoin
422,08/11/2022,24.15293694,solana,18541.27148,bitcoin
423,09/11/2022,13.94085693,solana,15880.78027,bitcoin
424,10/11/2022,17.68140793,solana,17586.77148,bitcoin
425,11/11/2022,16.32674599,solana,17034.29297,bitcoin
426,12/11/2022,14.53900146,solana,16799.18555,bitcoin
427,13/11/2022,13.16452885,solana,16353.36523,bitcoin
428,14/11/2022,14.00135612,solana,16618.19922,bitcoin
429,15/11/2022,14.30129433,solana,16884.61328,bitcoin
430,16/11/2022,14.28550816,solana,16669.43945,bitcoin
431,17/11/2022,13.63873482,solana,16687.51758,bitcoin
432,18/11/2022,13.2474966,solana,16697.77734,bitcoin
433,19/11/2022,12.85101414,solana,16711.54688,bitcoin
434,20/11/2022,12.25283337,solana,16291.83203,bitcoin
435,21/11/2022,11.84620857,solana,15787.28418,bitcoin
436,22/11/2022,12.43562508,solana,16189.76953,bitcoin
437,23/11/2022,14.35151196,solana,16610.70703,bitcoin
438,24/11/2022,14.58235073,solana,16604.46484,bitcoin
439,25/11/2022,14.06313801,solana,16521.8418,bitcoin
440,26/11/2022,14.15919399,solana,16464.28125,bitcoin
441,27/11/2022,14.11576653,solana,16444.62695,bitcoin
442,28/11/2022,13.40451813,solana,16217.32227,bitcoin
443,29/11/2022,13.36973381,solana,16444.98242,bitcoin
444,30/11/2022,14.11544514,solana,17168.56641,bitcoin
445,01/12/2022,13.48096848,solana,16967.13281,bitcoin
446,02/12/2022,13.71564007,solana,17088.66016,bitcoin
447,03/12/2022,13.30245781,solana,16908.23633,bitcoin
448,04/12/2022,13.7182188,solana,17130.48633,bitcoin
449,05/12/2022,13.83111286,solana,16974.82617,bitcoin
450,06/12/2022,14.2888546,solana,17089.50391,bitcoin
451,07/12/2022,13.51965332,solana,16848.12695,bitcoin
452,08/12/2022,13.68922234,solana,17233.47461,bitcoin
453,09/12/2022,13.5801878,solana,17133.15234,bitcoin
454,10/12/2022,13.57699585,solana,17128.72461,bitcoin
455,11/12/2022,13.42780972,solana,17104.19336,bitcoin
456,12/12/2022,13.31854439,solana,17206.4375,bitcoin
457,13/12/2022,13.83398628,solana,17781.31836,bitcoin
458,14/12/2022,14.14052582,solana,17815.65039,bitcoin
459,15/12/2022,14.02151108,solana,17364.86523,bitcoin
460,16/12/2022,12.26660633,solana,16647.48438,bitcoin
461,17/12/2022,12.50440407,solana,16795.0918,bitcoin
462,18/12/2022,12.41312027,solana,16757.97656,bitcoin
463,19/12/2022,11.93265533,solana,16439.67969,bitcoin
464,20/12/2022,12.28051472,solana,16906.30469,bitcoin
465,21/12/2022,12.1289854,solana,16817.53516,bitcoin
466,22/12/2022,11.79482937,solana,16830.3418,bitcoin
467,23/12/2022,11.78616619,solana,16796.95313,bitcoin
468,24/12/2022,11.44427586,solana,16847.75586,bitcoin
469,25/12/2022,11.38790321,solana,16841.98633,bitcoin
470,26/12/2022,11.30661106,solana,16919.80469,bitcoin
471,27/12/2022,11.08543015,solana,16717.17383,bitcoin
472,28/12/2022,9.755906105,solana,16552.57227,bitcoin
473,29/12/2022,9.65178299,solana,16642.3418,bitcoin
474,30/12/2022,9.880176544,solana,16602.58594,bitcoin
475,31/12/2022,9.961038589,solana,16547.49609,bitcoin
476,01/01/2023,9.982172966,solana,16625.08008,bitcoin
477,02/01/2023,11.27296734,solana,16688.4707,bitcoin
478,03/01/2023,13.34404564,solana,16679.85742,bitcoin
479,04/01/2023,13.43511295,solana,16863.23828,bitcoin
480,05/01/2023,13.41932964,solana,16836.73633,bitcoin
481,06/01/2023,13.52584171,solana,16951.96875,bitcoin
482,07/01/2023,13.09226799,solana,16955.07813,bitcoin
483,08/01/2023,14.31993294,solana,17091.14453,bitcoin
484,09/01/2023,16.30246353,solana,17196.55469,bitcoin
485,10/01/2023,16.19672394,solana,17446.29297,bitcoin
486,11/01/2023,16.35941505,solana,17934.89648,bitcoin
487,12/01/2023,16.61904335,solana,18869.58789,bitcoin
488,13/01/2023,18.28844452,solana,19909.57422,bitcoin
489,14/01/2023,24.24945831,solana,20976.29883,bitcoin
490,15/01/2023,22.87330627,solana,20880.79883,bitcoin
491,16/01/2023,23.57756424,solana,21169.63281,bitcoin
492,17/01/2023,22.88406372,solana,21161.51953,bitcoin
493,18/01/2023,20.85063362,solana,20688.78125,bitcoin
494,19/01/2023,21.42676544,solana,21086.79297,bitcoin
495,20/01/2023,25.54827118,solana,22676.55273,bitcoin
496,21/01/2023,24.62783813,solana,22777.625,bitcoin
497,22/01/2023,24.23278999,solana,22720.41602,bitcoin
498,23/01/2023,24.35780716,solana,22934.43164,bitcoin
499,24/01/2023,22.79567337,solana,22636.46875,bitcoin
500,25/01/2023,24.57144547,solana,23117.85938,bitcoin
501,26/01/2023,24.35069656,solana,23032.77734,bitcoin
502,27/01/2023,24.40785789,solana,23078.72852,bitcoin
503,28/01/2023,23.98180199,solana,23031.08984,bitcoin
504,29/01/2023,26.13238716,solana,23774.56641,bitcoin
505,30/01/2023,23.94632149,solana,22840.13867,bitcoin
506,31/01/2023,23.95254707,solana,23139.2832,bitcoin
507,01/02/2023,24.99335861,solana,23723.76953,bitcoin
508,02/02/2023,24.26505852,solana,23471.87109,bitcoin
509,03/02/2023,24.68089676,solana,23449.32227,bitcoin
510,04/02/2023,24.31774521,solana,23331.84766,bitcoin
511,05/02/2023,23.49343872,solana,22955.66602,bitcoin
512,06/02/2023,22.70638847,solana,22760.10938,bitcoin
513,07/02/2023,23.86135674,solana,23264.29102,bitcoin
514,08/02/2023,23.19267082,solana,22939.39844,bitcoin
515,09/02/2023,20.45212746,solana,21819.03906,bitcoin
516,10/02/2023,20.13010979,solana,21651.18359,bitcoin
517,11/02/2023,20.83009529,solana,21870.875,bitcoin
518,12/02/2023,21.48997879,solana,21788.20313,bitcoin
519,13/02/2023,20.7901001,solana,21808.10156,bitcoin
520,14/02/2023,21.82495308,solana,22220.80469,bitcoin
521,15/02/2023,23.8839016,solana,24307.8418,bitcoin
522,16/02/2023,22.28595161,solana,23623.47461,bitcoin
523,17/02/2023,23.16675758,solana,24565.60156,bitcoin
524,18/02/2023,23.47859192,solana,24641.27734,bitcoin
525,19/02/2023,24.84075165,solana,24327.64258,bitcoin
526,20/02/2023,26.18138695,solana,24829.14844,bitcoin
527,21/02/2023,24.94855881,solana,24436.35352,bitcoin
528,22/02/2023,24.1813488,solana,24188.84375,bitcoin
529,23/02/2023,23.9008007,solana,23947.49219,bitcoin
530,24/02/2023,23.05303574,solana,23198.12695,bitcoin
531,25/02/2023,22.52339935,solana,23175.375,bitcoin
532,26/02/2023,23.25608826,solana,23561.21289,bitcoin
533,27/02/2023,22.69258881,solana,23522.87109,bitcoin
534,28/02/2023,21.91638756,solana,23147.35352,bitcoin
535,01/03/2023,22.50643158,solana,23646.55078,bitcoin
536,02/03/2023,21.98487854,solana,23475.4668,bitcoin
537,03/03/2023,21.39935303,solana,22362.67969,bitcoin
538,04/03/2023,20.96683884,solana,22353.34961,bitcoin
539,05/03/2023,20.97858429,solana,22435.51367,bitcoin
540,06/03/2023,20.63501167,solana,22429.75781,bitcoin
541,07/03/2023,20.2447319,solana,22219.76953,bitcoin
542,08/03/2023,18.42119408,solana,21718.08008,bitcoin
543,09/03/2023,17.30814743,solana,20363.02148,bitcoin
544,10/03/2023,18.24364281,solana,20187.24414,bitcoin
545,11/03/2023,18.22584343,solana,20632.41016,bitcoin
546,12/03/2023,20.31053162,solana,22163.94922,bitcoin
547,13/03/2023,20.43371201,solana,24197.5332,bitcoin
548,14/03/2023,20.92803383,solana,24746.07422,bitcoin
549,15/03/2023,19.29098129,solana,24375.96094,bitcoin
550,16/03/2023,19.73054314,solana,25052.78906,bitcoin
551,17/03/2023,21.62910271,solana,27423.92969,bitcoin
552,18/03/2023,21.19590187,solana,26965.87891,bitcoin
553,19/03/2023,21.90340233,solana,28038.67578,bitcoin
554,20/03/2023,22.17646408,solana,27767.23633,bitcoin
555,21/03/2023,22.61826706,solana,28175.81641,bitcoin
556,22/03/2023,21.48048592,solana,27307.4375,bitcoin
557,23/03/2023,22.2167778,solana,28333.97266,bitcoin
558,24/03/2023,20.6788559,solana,27493.28516,bitcoin
559,25/03/2023,20.44664574,solana,27494.70703,bitcoin
560,26/03/2023,20.97551918,solana,27994.33008,bitcoin
561,27/03/2023,19.92167473,solana,27139.88867,bitcoin
562,28/03/2023,20.4706974,solana,27268.13086,bitcoin
563,29/03/2023,21.11146736,solana,28348.44141,bitcoin
564,30/03/2023,20.55104637,solana,28033.5625,bitcoin
565,31/03/2023,21.17049599,solana,28478.48438,bitcoin
566,01/04/2023,20.97564125,solana,28411.03516,bitcoin
567,02/04/2023,20.53697586,solana,28199.30859,bitcoin
568,03/04/2023,20.44305038,solana,27790.2207,bitcoin
569,04/04/2023,20.92461967,solana,28168.08984,bitcoin
570,05/04/2023,20.96600723,solana,28177.98438,bitcoin
571,06/04/2023,20.6101284,solana,28044.14063,bitcoin
572,07/04/2023,20.46994019,solana,27925.85938,bitcoin
573,08/04/2023,20.03644943,solana,27947.79492,bitcoin
574,09/04/2023,20.29946518,solana,28333.05078,bitcoin
575,10/04/2023,20.88235664,solana,29652.98047,bitcoin
576,11/04/2023,23.01882744,solana,30235.05859,bitcoin
577,12/04/2023,23.98530579,solana,30139.05273,bitcoin
578,13/04/2023,24.4323082,solana,30399.06641,bitcoin
579,14/04/2023,24.77272224,solana,30485.69922,bitcoin
580,15/04/2023,24.07937813,solana,30318.49609,bitcoin
581,16/04/2023,25.36192703,solana,30315.35547,bitcoin
582,17/04/2023,24.55884552,solana,29445.04492,bitcoin
583,18/04/2023,24.85268974,solana,30397.55273,bitcoin
584,19/04/2023,22.71283531,solana,28822.67969,bitcoin
585,20/04/2023,22.18144035,solana,28245.98828,bitcoin
586,21/04/2023,21.2781353,solana,27276.91016,bitcoin
587,22/04/2023,21.81628799,solana,27817.5,bitcoin
588,23/04/2023,21.48013878,solana,27591.38477,bitcoin
589,24/04/2023,21.39106941,solana,27525.33984,bitcoin
590,25/04/2023,21.92725372,solana,28307.59766,bitcoin
591,26/04/2023,21.28301239,solana,28422.70117,bitcoin
592,27/04/2023,22.34011459,solana,29473.78711,bitcoin
593,28/04/2023,23.36628723,solana,29340.26172,bitcoin
594,29/04/2023,23.18299675,solana,29248.48828,bitcoin
595,30/04/2023,22.83201408,solana,29268.80664,bitcoin
596,01/05/2023,21.9866333,solana,28091.56836,bitcoin
597,02/05/2023,22.26497841,solana,28680.53711,bitcoin
598,03/05/2023,22.21800232,solana,29006.30859,bitcoin
599,04/05/2023,21.73034859,solana,28847.71094,bitcoin
600,05/05/2023,22.82611084,solana,29534.38477,bitcoin
601,06/05/2023,21.97426224,solana,28904.62305,bitcoin
602,07/05/2023,21.84422874,solana,28454.97852,bitcoin
603,08/05/2023,20.65746307,solana,27694.27344,bitcoin
604,09/05/2023,20.68364525,solana,27658.77539,bitcoin
605,10/05/2023,20.95371056,solana,27621.75586,bitcoin
606,11/05/2023,20.23488045,solana,27000.78906,bitcoin
607,12/05/2023,20.91179466,solana,26804.99023,bitcoin
608,13/05/2023,20.86876106,solana,26784.07813,bitcoin
609,14/05/2023,20.95339775,solana,26930.63867,bitcoin
610,15/05/2023,21.0071888,solana,27192.69336,bitcoin
611,16/05/2023,20.67942047,solana,27036.65039,bitcoin
612,17/05/2023,21.06839943,solana,27398.80273,bitcoin
613,18/05/2023,20.34869576,solana,26832.20898,bitcoin
614,19/05/2023,20.34987068,solana,26890.12891,bitcoin
615,20/05/2023,20.28544617,solana,27129.58594,bitcoin
616,21/05/2023,19.60943794,solana,26753.82617,bitcoin
617,22/05/2023,19.54204559,solana,26851.27734,bitcoin
618,23/05/2023,20.04318237,solana,27225.72656,bitcoin
619,24/05/2023,19.22366333,solana,26334.81836,bitcoin
620,25/05/2023,19.26066208,solana,26476.20703,bitcoin
621,26/05/2023,19.36695671,solana,26719.29102,bitcoin
622,27/05/2023,20.42523384,solana,26868.35352,bitcoin
623,28/05/2023,20.79857826,solana,28085.64648,bitcoin
624,29/05/2023,20.5865097,solana,27745.88477,bitcoin
625,30/05/2023,21.25408363,solana,27702.34961,bitcoin
626,31/05/2023,20.82450294,solana,27219.6582,bitcoin
627,01/06/2023,20.50221825,solana,26819.97266,bitcoin
628,02/06/2023,21.25759506,solana,27249.58984,bitcoin
629,03/06/2023,21.15556526,solana,27075.12891,bitcoin
630,04/06/2023,21.81897545,solana,27119.06641,bitcoin
631,05/06/2023,20.07505989,solana,25760.09766,bitcoin
632,06/06/2023,20.39848328,solana,27238.7832,bitcoin
633,07/06/2023,18.63428307,solana,26345.99805,bitcoin
634,08/06/2023,18.90947533,solana,26508.2168,bitcoin
635,09/06/2023,17.37969971,solana,26480.375,bitcoin
636,10/06/2023,15.65610123,solana,25851.24023,bitcoin
637,11/06/2023,15.5587759,solana,25940.16797,bitcoin
638,12/06/2023,15.19670773,solana,25902.5,bitcoin
639,13/06/2023,15.01819324,solana,25918.72852,bitcoin
640,14/06/2023,14.48657227,solana,25124.67578,bitcoin
641,15/06/2023,14.75947285,solana,25576.39453,bitcoin
642,16/06/2023,15.30825424,solana,26327.46289,bitcoin
643,17/06/2023,15.65052128,solana,26510.67578,bitcoin
644,18/06/2023,15.43823528,solana,26336.21289,bitcoin
645,19/06/2023,16.07304192,solana,26851.0293,bitcoin
646,20/06/2023,16.63523102,solana,28327.48828,bitcoin
647,21/06/2023,17.25704575,solana,30027.29688,bitcoin
648,22/06/2023,16.64262009,solana,29912.28125,bitcoin
649,23/06/2023,17.14953423,solana,30695.46875,bitcoin
650,24/06/2023,16.65286255,solana,30548.69531,bitcoin
651,25/06/2023,16.97138023,solana,30480.26172,bitcoin
652,26/06/2023,16.27002716,solana,30271.13086,bitcoin
653,27/06/2023,16.61964989,solana,30688.16406,bitcoin
654,28/06/2023,15.98684311,solana,30086.24609,bitcoin
655,29/06/2023,17.97045708,solana,30445.35156,bitcoin
656,30/06/2023,18.8973217,solana,30477.25195,bitcoin
657,01/07/2023,18.68390274,solana,30590.07813,bitcoin
658,02/07/2023,19.45359421,solana,30620.76953,bitcoin
659,03/07/2023,19.24053764,solana,31156.43945,bitcoin
660,04/07/2023,19.14322853,solana,30777.58203,bitcoin
661,05/07/2023,18.99286461,solana,30514.16602,bitcoin
662,06/07/2023,19.72938538,solana,29909.33789,bitcoin
663,07/07/2023,21.48466492,solana,30342.26563,bitcoin
664,08/07/2023,21.85926819,solana,30292.54102,bitcoin
665,09/07/2023,21.34900475,solana,30171.23438,bitcoin
666,10/07/2023,21.31377602,solana,30414.4707,bitcoin
667,11/07/2023,22.09293365,solana,30620.95117,bitcoin
668,12/07/2023,21.97760201,solana,30391.64648,bitcoin
669,13/07/2023,26.0256958,solana,31476.04883,bitcoin
670,14/07/2023,26.73571777,solana,30334.06836,bitcoin
671,15/07/2023,27.39135551,solana,30295.80664,bitcoin
672,16/07/2023,27.38408279,solana,30249.13281,bitcoin
673,17/07/2023,26.87276649,solana,30145.88867,bitcoin
674,18/07/2023,25.54450417,solana,29856.5625,bitcoin
675,19/07/2023,26.3723526,solana,29913.92383,bitcoin
676,20/07/2023,25.37516785,solana,29792.01563,bitcoin
677,21/07/2023,25.54426765,solana,29908.74414,bitcoin
678,22/07/2023,24.53505325,solana,29771.80273,bitcoin
679,23/07/2023,24.76681519,solana,30084.53906,bitcoin
680,24/07/2023,23.38149071,solana,29176.91602,bitcoin
681,25/07/2023,23.27932167,solana,29227.39063,bitcoin
682,26/07/2023,25.17705345,solana,29354.97266,bitcoin
683,27/07/2023,25.09933662,solana,29210.68945,bitcoin
684,28/07/2023,24.84685707,solana,29319.24609,bitcoin
685,29/07/2023,25.16897392,solana,29356.91797,bitcoin
686,30/07/2023,24.26101875,solana,29275.30859,bitcoin
687,31/07/2023,23.7209568,solana,29230.11133,bitcoin
688,01/08/2023,23.99875259,solana,29675.73242,bitcoin
689,02/08/2023,23.14572144,solana,29151.95898,bitcoin
690,03/08/2023,22.63604927,solana,29178.67969,bitcoin
691,04/08/2023,22.79361916,solana,29074.0918,bitcoin
692,05/08/2023,22.63220406,solana,29042.12695,bitcoin
693,06/08/2023,23.18569565,solana,29041.85547,bitcoin
694,07/08/2023,23.0687561,solana,29180.57813,bitcoin
695,08/08/2023,24.21176338,solana,29765.49219,bitcoin
696,09/08/2023,24.37852669,solana,29561.49414,bitcoin
697,10/08/2023,24.61305237,solana,29429.5918,bitcoin
698,11/08/2023,24.58286095,solana,29397.71484,bitcoin
699,12/08/2023,24.90673065,solana,29415.96484,bitcoin
700,13/08/2023,24.24288559,solana,29282.91406,bitcoin
701,14/08/2023,25.14282227,solana,29408.44336,bitcoin
702,15/08/2023,23.89658546,solana,29170.34766,bitcoin
703,16/08/2023,22.81197548,solana,28701.7793,bitcoin
704,17/08/2023,21.70997429,solana,26664.55078,bitcoin
705,18/08/2023,21.33549309,solana,26049.55664,bitcoin
706,19/08/2023,21.87903786,solana,26096.20508,bitcoin
707,20/08/2023,21.77327538,solana,26189.58398,bitcoin
708,21/08/2023,21.20825958,solana,26124.14063,bitcoin
709,22/08/2023,20.54654121,solana,26031.65625,bitcoin
710,23/08/2023,21.70362473,solana,26431.64063,bitcoin
711,24/08/2023,21.03303146,solana,26162.37305,bitcoin
712,25/08/2023,20.39271927,solana,26047.66797,bitcoin
713,26/08/2023,20.28042412,solana,26008.46289,bitcoin
714,27/08/2023,20.78683853,solana,26089.69336,bitcoin
715,28/08/2023,20.5571003,solana,26106.15039,bitcoin
716,29/08/2023,21.78076363,solana,27727.39258,bitcoin
717,30/08/2023,20.83490372,solana,27297.26563,bitcoin
718,31/08/2023,19.73509216,solana,25931.47266,bitcoin
719,01/09/2023,19.32784462,solana,25800.72461,bitcoin
720,02/09/2023,19.4937439,solana,25868.79883,bitcoin
721,03/09/2023,19.5787468,solana,25969.56641,bitcoin
722,04/09/2023,19.49940872,solana,25812.41602,bitcoin
723,05/09/2023,20.27238464,solana,25779.98242,bitcoin
724,06/09/2023,19.62002945,solana,25753.23633,bitcoin
725,07/09/2023,19.89049911,solana,26240.19531,bitcoin
726,08/09/2023,19.5990448,solana,25905.6543,bitcoin
727,09/09/2023,19.44607162,solana,25895.67773,bitcoin
728,10/09/2023,18.2488308,solana,25832.22656,bitcoin
729,11/09/2023,17.73916626,solana,25162.6543,bitcoin
730,12/09/2023,17.92982674,solana,25833.34375,bitcoin
731,13/09/2023,18.40299988,solana,26228.32422,bitcoin
732,14/09/2023,18.83830643,solana,26539.67383,bitcoin
733,15/09/2023,19.16884422,solana,26608.69336,bitcoin
734,16/09/2023,19.14036942,solana,26568.28125,bitcoin
735,17/09/2023,18.8316288,solana,26534.1875,bitcoin
736,18/09/2023,19.65724564,solana,26754.28125,bitcoin
737,19/09/2023,20.03618813,solana,27211.11719,bitcoin
738,20/09/2023,20.30493736,solana,27132.00781,bitcoin
739,21/09/2023,19.47907066,solana,26567.63281,bitcoin
740,22/09/2023,19.43814468,solana,26579.56836,bitcoin
741,23/09/2023,19.47390366,solana,26579.39063,bitcoin
742,24/09/2023,19.37429047,solana,26256.82617,bitcoin
743,25/09/2023,19.40414047,solana,26298.48047,bitcoin
744,26/09/2023,19.02328682,solana,26217.25,bitcoin
745,27/09/2023,19.13002205,solana,26352.7168,bitcoin
746,28/09/2023,19.95761681,solana,27021.54688,bitcoin
747,29/09/2023,20.30065536,solana,26911.7207,bitcoin
748,30/09/2023,21.39514732,solana,26967.91602,bitcoin
749,01/10/2023,23.83648682,solana,27983.75,bitcoin
750,02/10/2023,23.37170029,solana,27530.78516,bitcoin
751,03/10/2023,23.55269432,solana,27429.97852,bitcoin
752,04/10/2023,23.14478683,solana,27799.39453,bitcoin
753,05/10/2023,22.69414139,solana,27415.91211,bitcoin
754,06/10/2023,23.42445374,solana,27946.59766,bitcoin
755,07/10/2023,23.28730202,solana,27968.83984,bitcoin
756,08/10/2023,23.24642563,solana,27935.08984,bitcoin
757,09/10/2023,22.11839676,solana,27583.67773,bitcoin
758,10/10/2023,22.10511589,solana,27391.01953,bitcoin
759,11/10/2023,22.00741959,solana,26873.32031,bitcoin
760,12/10/2023,21.30026817,solana,26756.79883,bitcoin
761,13/10/2023,21.83491707,solana,26862.375,bitcoin
762,14/10/2023,22.01171875,solana,26861.70703,bitcoin
763,15/10/2023,21.92202759,solana,27159.65234,bitcoin
764,16/10/2023,23.98295784,solana,28519.4668,bitcoin
765,17/10/2023,23.95931816,solana,28415.74805,bitcoin
766,18/10/2023,23.43213844,solana,28328.3418,bitcoin
767,19/10/2023,24.93791962,solana,28719.80664,bitcoin
768,20/10/2023,27.03367424,solana,29682.94922,bitcoin
769,21/10/2023,29.38622856,solana,29918.41211,bitcoin
770,22/10/2023,29.03668213,solana,29993.89648,bitcoin
771,23/10/2023,31.85098457,solana,33086.23438,bitcoin
772,24/10/2023,30.15153694,solana,33901.52734,bitcoin
773,25/10/2023,32.4630661,solana,34502.82031,bitcoin
774,26/10/2023,32.77549362,solana,34156.64844,bitcoin
775,27/10/2023,31.73969841,solana,33909.80078,bitcoin
776,28/10/2023,31.65331841,solana,34089.57422,bitcoin
777,29/10/2023,32.82260895,solana,34538.48047,bitcoin
778,30/10/2023,34.96233749,solana,34502.36328,bitcoin
779,31/10/2023,38.51951599,solana,34667.78125,bitcoin
780,01/11/2023,41.46154404,solana,35437.25391,bitcoin
781,02/11/2023,40.20756912,solana,34938.24219,bitcoin
782,03/11/2023,39.51976013,solana,34732.32422,bitcoin
783,04/11/2023,42.34659576,solana,35082.19531,bitcoin
784,05/11/2023,41.23860168,solana,35049.35547,bitcoin
785,06/11/2023,42.12858963,solana,35037.37109,bitcoin
786,07/11/2023,43.09254456,solana,35443.5625,bitcoin
787,08/11/2023,43.189888,solana,35655.27734,bitcoin
788,09/11/2023,45.44482803,solana,36693.125,bitcoin
789,10/11/2023,56.64385223,solana,37313.96875,bitcoin
790,11/11/2023,56.10266113,solana,37138.05078,bitcoin
791,12/11/2023,56.15409851,solana,37054.51953,bitcoin
792,13/11/2023,51.90705109,solana,36502.35547,bitcoin
793,14/11/2023,56.83837509,solana,35537.64063,bitcoin
794,15/11/2023,65.53440094,solana,37880.58203,bitcoin
795,16/11/2023,57.87140274,solana,36154.76953,bitcoin
796,17/11/2023,58.41593552,solana,36596.68359,bitcoin
797,18/11/2023,58.51272583,solana,36585.70313,bitcoin
798,19/11/2023,61.3935585,solana,37386.54688,bitcoin
799,20/11/2023,56.53383255,solana,37476.95703,bitcoin
800,21/11/2023,52.00047302,solana,35813.8125,bitcoin
801,22/11/2023,57.5885582,solana,37432.33984,bitcoin
802,23/11/2023,56.59936905,solana,37289.62109,bitcoin
803,24/11/2023,56.86643982,solana,37720.28125,bitcoin
804,25/11/2023,58.84648895,solana,37796.79297,bitcoin
805,26/11/2023,57.6427002,solana,37479.12109,bitcoin
806,27/11/2023,55.06462097,solana,37254.16797,bitcoin
807,28/11/2023,58.19437027,solana,37831.08594,bitcoin
808,29/11/2023,59.2501297,solana,37858.49219,bitcoin
809,30/11/2023,59.24162292,solana,37712.74609,bitcoin
810,01/12/2023,59.80399704,solana,38688.75,bitcoin
811,02/12/2023,63.83285904,solana,39476.33203,bitcoin
812,03/12/2023,63.03996658,solana,39978.39063,bitcoin
813,04/12/2023,61.52661514,solana,41980.09766,bitcoin
814,05/12/2023,60.99483109,solana,44080.64844,bitcoin
815,06/12/2023,61.90295792,solana,43746.44531,bitcoin
816,07/12/2023,67.83782959,solana,43292.66406,bitcoin
817,08/12/2023,75.00243378,solana,44166.60156,bitcoin
818,09/12/2023,72.25760651,solana,43725.98438,bitcoin
819,10/12/2023,74.70588684,solana,43779.69922,bitcoin
820,11/12/2023,70.36717224,solana,41243.83203,bitcoin
821,12/12/2023,68.54067993,solana,41450.22266,bitcoin
822,13/12/2023,70.76778412,solana,42890.74219,bitcoin
823,14/12/2023,75.62033081,solana,43023.97266,bitcoin
824,15/12/2023,72.36898804,solana,41929.75781,bitcoin
825,16/12/2023,73.47350311,solana,42240.11719,bitcoin
826,17/12/2023,71.0005188,solana,41364.66406,bitcoin
827,18/12/2023,74.34716034,solana,42623.53906,bitcoin
828,19/12/2023,72.98976898,solana,42270.52734,bitcoin
829,20/12/2023,82.19123077,solana,43652.25,bitcoin
830,21/12/2023,93.85481262,solana,43869.15234,bitcoin
831,22/12/2023,98.00369263,solana,43997.90234,bitcoin
832,23/12/2023,107.5942307,solana,43739.54297,bitcoin
833,24/12/2023,112.4852142,solana,43016.11719,bitcoin
834,25/12/2023,121.1464615,solana,43613.14063,bitcoin
835,26/12/2023,112.6767349,solana,42520.40234,bitcoin
836,27/12/2023,107.0237961,solana,43442.85547,bitcoin
837,28/12/2023,102.1045685,solana,42627.85547,bitcoin
838,29/12/2023,106.3115158,solana,42099.40234,bitcoin
839,30/12/2023,101.8450851,solana,42156.90234,bitcoin
840,31/12/2023,101.5058212,solana,42265.1875,bitcoin
841,01/01/2024,109.5086823,solana,44167.33203,bitcoin
842,02/01/2024,106.6112213,solana,44957.96875,bitcoin
843,03/01/2024,98.59443665,solana,42848.17578,bitcoin
844,04/01/2024,105.0775375,solana,44179.92188,bitcoin
845,05/01/2024,99.97879028,solana,44162.69141,bitcoin
846,06/01/2024,93.85771942,solana,43989.19531,bitcoin
847,07/01/2024,89.2763443,solana,43943.09766,bitcoin
848,08/01/2024,97.79044342,solana,46970.50391,bitcoin
849,09/01/2024,99.40918732,solana,46139.73047,bitcoin
850,10/01/2024,102.03302,solana,46627.77734,bitcoin
851,11/01/2024,99.90943909,solana,46368.58594,bitcoin
852,12/01/2024,91.72090912,solana,42853.16797,bitcoin
853,13/01/2024,95.73004913,solana,42842.38281,bitcoin
854,14/01/2024,94.13314056,solana,41796.26953,bitcoin
855,15/01/2024,94.49022675,solana,42511.96875,bitcoin
856,16/01/2024,97.62691498,solana,43154.94531,bitcoin
857,17/01/2024,102.0635986,solana,42742.65234,bitcoin
858,18/01/2024,94.25095367,solana,41262.05859,bitcoin
859,19/01/2024,93.38616943,solana,41618.40625,bitcoin
860,20/01/2024,92.56983948,solana,41665.58594,bitcoin
861,21/01/2024,90.84843445,solana,41545.78516,bitcoin
862,22/01/2024,83.62281036,solana,39507.36719,bitcoin
863,23/01/2024,84.27450562,solana,39845.55078,bitcoin
864,24/01/2024,88.73200989,solana,40077.07422,bitcoin
865,25/01/2024,86.88921356,solana,39933.80859,bitcoin
866,26/01/2024,92.44236755,solana,41816.87109,bitcoin
867,27/01/2024,94.16321564,solana,42120.05469,bitcoin
868,28/01/2024,95.93798065,solana,42035.59375,bitcoin
869,29/01/2024,101.5666656,solana,43288.24609,bitcoin
870,30/01/2024,101.4729767,solana,42952.60938,bitcoin
871,31/01/2024,97.02870941,solana,42582.60547,bitcoin
872,01/02/2024,97.84669495,solana,43075.77344,bitcoin
873,02/02/2024,100.4405212,solana,43185.85938,bitcoin
874,03/02/2024,97.87998199,solana,42992.25,bitcoin
875,04/02/2024,95.47695923,solana,42583.58203,bitcoin
876,05/02/2024,95.54866028,solana,42658.66797,bitcoin
877,06/02/2024,96.86107635,solana,43084.67188,bitcoin
878,07/02/2024,100.9792786,solana,44318.22266,bitcoin
879,08/02/2024,102.7856369,solana,45301.56641,bitcoin
880,09/02/2024,106.9333344,solana,47147.19922,bitcoin
881,10/02/2024,109.1314697,solana,47771.27734,bitcoin
882,11/02/2024,107.495285,solana,48293.91797,bitcoin
883,12/02/2024,111.9927521,solana,49958.22266,bitcoin
884,13/02/2024,112.5793076,solana,49742.44141,bitcoin
885,14/02/2024,116.976326,solana,51826.69531,bitcoin
886,15/02/2024,113.6994095,solana,51938.55469,bitcoin
887,16/02/2024,110.4459152,solana,52160.20313,bitcoin
888,17/02/2024,108.9840164,solana,51662.99609,bitcoin
889,18/02/2024,112.174675,solana,52122.54688,bitcoin
890,19/02/2024,111.4853287,solana,51779.14453,bitcoin
891,20/02/2024,108.4596405,solana,52284.875,bitcoin
892,21/02/2024,105.1252213,solana,51839.17969,bitcoin
893,22/02/2024,101.6697922,solana,51304.97266,bitcoin
894,23/02/2024,99.95469666,solana,50731.94922,bitcoin
895,24/02/2024,104.133522,solana,51571.10156,bitcoin
896,25/02/2024,103.4534912,solana,51733.23828,bitcoin
897,26/02/2024,109.9185333,solana,54522.40234,bitcoin
898,27/02/2024,108.3880844,solana,57085.37109,bitcoin
899,28/02/2024,118.0522003,solana,62504.78906,bitcoin
900,29/02/2024,125.7115173,solana,61198.38281,bitcoin
901,01/03/2024,129.9904022,solana,62440.63281,bitcoin
902,02/03/2024,129.7001801,solana,62029.84766,bitcoin
903,03/03/2024,130.4508667,solana,63167.37109,bitcoin
904,04/03/2024,133.1945801,solana,68330.41406,bitcoin
905,05/03/2024,125.7067108,solana,63801.19922,bitcoin
906,06/03/2024,130.7420197,solana,66106.80469,bitcoin
907,07/03/2024,143.9778595,solana,66925.48438,bitcoin
908,08/03/2024,145.240036,solana,68300.09375,bitcoin
909,09/03/2024,144.607254,solana,68498.88281,bitcoin
910,10/03/2024,144.5151825,solana,69019.78906,bitcoin
911,11/03/2024,148.7509613,solana,72123.90625,bitcoin
912,12/03/2024,151.0154419,solana,71481.28906,bitcoin
913,13/03/2024,163.8398132,solana,73083.5,bitcoin
914,14/03/2024,176.6797485,solana,71396.59375,bitcoin
915,15/03/2024,182.9646912,solana,69403.77344,bitcoin
916,16/03/2024,181.8803406,solana,65315.11719,bitcoin
917,17/03/2024,202.1235657,solana,68390.625,bitcoin
918,18/03/2024,195.9927521,solana,67548.59375,bitcoin
919,19/03/2024,170.0162811,solana,61912.77344,bitcoin
920,20/03/2024,191.5496216,solana,67913.67188,bitcoin
921,21/03/2024,179.2207489,solana,65491.39063,bitcoin
922,22/03/2024,174.3637085,solana,63778.76172,bitcoin
923,23/03/2024,172.9022522,solana,64062.20313,bitcoin
924,24/03/2024,183.5734558,solana,67234.17188,bitcoin
925,25/03/2024,189.0835419,solana,69958.8125,bitcoin
926,26/03/2024,190.6998596,solana,69987.83594,bitcoin
927,27/03/2024,186.3614655,solana,69455.34375,bitcoin
928,28/03/2024,189.6216278,solana,70744.95313,bitcoin
929,29/03/2024,192.227951,solana,69892.82813,bitcoin
930,30/03/2024,194.3855438,solana,69645.30469,bitcoin
931,31/03/2024,202.8741302,solana,71333.64844,bitcoin
932,01/04/2024,192.5678253,solana,69702.14844,bitcoin
933,02/04/2024,181.1722565,solana,65446.97266,bitcoin
934,03/04/2024,185.2486115,solana,65980.8125,bitcoin
935,04/04/2024,183.9581146,solana,68508.84375,bitcoin
936,05/04/2024,174.5015106,solana,67837.64063,bitcoin
937,06/04/2024,178.9153442,solana,68896.10938,bitcoin
938,07/04/2024,179.6498566,solana,69362.55469,bitcoin
939,08/04/2024,180.7847748,solana,71631.35938,bitcoin
940,09/04/2024,172.41362,solana,69139.01563,bitcoin
941,10/04/2024,173.4373627,solana,70587.88281,bitcoin
942,11/04/2024,172.5763702,solana,70060.60938,bitcoin
943,12/04/2024,153.6354675,solana,67195.86719,bitcoin
944,13/04/2024,139.3416901,solana,63821.47266,bitcoin
945,14/04/2024,151.2849426,solana,65738.72656,bitcoin
946,15/04/2024,138.5086212,solana,63426.21094,bitcoin
947,16/04/2024,136.2793274,solana,63811.86328,bitcoin
948,17/04/2024,131.8661804,solana,61276.69141,bitcoin
949,18/04/2024,142.0823975,solana,63512.75391,bitcoin
950,19/04/2024,142.6804962,solana,63843.57031,bitcoin
951,20/04/2024,151.1335602,solana,64994.44141,bitcoin
952,21/04/2024,148.609314,solana,64926.64453,bitcoin
953,22/04/2024,157.0312195,solana,66837.67969,bitcoin
954,23/04/2024,154.7013092,solana,66407.27344,bitcoin
955,24/04/2024,147.7451477,solana,64276.89844,bitcoin
956,25/04/2024,144.8921204,solana,64481.70703,bitcoin
957,26/04/2024,139.1043396,solana,63755.32031,bitcoin
958,27/04/2024,141.2891693,solana,63419.14063,bitcoin
959,28/04/2024,137.8564148,solana,63113.23047,bitcoin
960,29/04/2024,137.7766571,solana,63841.12109,bitcoin
961,30/04/2024,126.9627075,solana,60636.85547,bitcoin
962,01/05/2024,134.6279755,solana,58254.01172,bitcoin
963,02/05/2024,137.8144836,solana,59123.43359,bitcoin
964,03/05/2024,143.7725525,solana,62889.83594,bitcoin
965,04/05/2024,146.1350555,solana,63891.47266,bitcoin
966,05/05/2024,145.713028,solana,64031.13281,bitcoin
967,06/05/2024,152.8023987,solana,63161.94922,bitcoin
968,07/05/2024,148.1343231,solana,62334.81641,bitcoin
969,08/05/2024,142.2947388,solana,61187.94141,bitcoin
970,09/05/2024,152.8499451,solana,63049.96094,bitcoin
971,10/05/2024,146.2169037,solana,60792.77734,bitcoin
972,11/05/2024,145.3143768,solana,60793.71094,bitcoin
973,12/05/2024,143.520813,solana,61448.39453,bitcoin
974,13/05/2024,147.2823334,solana,62901.44922,bitcoin
975,14/05/2024,142.0303955,solana,61552.78906,bitcoin
976,15/05/2024,158.1868286,solana,66267.49219,bitcoin
977,16/05/2024,159.1164551,solana,65231.58203,bitcoin
978,17/05/2024,169.5305481,solana,67051.875,bitcoin
979,18/05/2024,172.5391388,solana,66940.80469,bitcoin
980,19/05/2024,170.0913544,solana,66278.36719,bitcoin
981,20/05/2024,186.5204926,solana,71448.19531,bitcoin
982,21/05/2024,178.1161499,solana,70136.53125,bitcoin
983,22/05/2024,176.8607788,solana,69122.33594,bitcoin
984,23/05/2024,175.9857788,solana,67929.5625,bitcoin
985,24/05/2024,167.7969208,solana,68526.10156,bitcoin
986,25/05/2024,168.4376373,solana,69265.94531,bitcoin
987,26/05/2024,163.3509064,solana,68518.09375,bitcoin
988,27/05/2024,169.9961395,solana,69394.55469,bitcoin
989,28/05/2024,168.6508484,solana,68296.21875,bitcoin
990,29/05/2024,168.0726776,solana,67578.09375,bitcoin
991,30/05/2024,166.976532,solana,68364.99219,bitcoin
992,31/05/2024,165.6377106,solana,67491.41406,bitcoin
993,01/06/2024,166.0306702,solana,67706.9375,bitcoin
994,02/06/2024,163.2499084,solana,67751.60156,bitcoin
995,03/06/2024,164.9234619,solana,68804.78125,bitcoin
996,04/06/2024,171.8019257,solana,70567.76563,bitcoin
997,05/06/2024,173.4829102,solana,71082.82031,bitcoin
998,06/06/2024,170.0162201,solana,70757.16406,bitcoin
999,07/06/2024,162.5070496,solana,69342.58594,bitcoin
1000,08/06/2024,157.9689026,solana,69305.77344,bitcoin
1001,09/06/2024,162.0836029,solana,69647.99219,bitcoin
1002,10/06/2024,158.9280243,solana,69512.28125,bitcoin
1003,11/06/2024,149.4289856,solana,67332.03125,bitcoin
1004,12/06/2024,155.1775665,solana,68241.1875,bitcoin
1005,13/06/2024,147.3144226,solana,66756.39844,bitcoin
1006,14/06/2024,143.0944366,solana,66011.09375,bitcoin
1007,15/06/2024,145.4122162,solana,66191,bitcoin
1008,16/06/2024,151.1255035,solana,66639.04688,bitcoin
1009,17/06/2024,143.3342743,solana,66490.29688,bitcoin
1010,18/06/2024,137.5039978,solana,65140.74609,bitcoin
1011,19/06/2024,135.6096039,solana,64960.29688,bitcoin
1012,20/06/2024,133.4729614,solana,64828.65625,bitcoin
1013,21/06/2024,134.5883026,solana,64096.19922,bitcoin
1014,22/06/2024,133.6702423,solana,64252.57813,bitcoin
1015,23/06/2024,128.5904236,solana,63180.79688,bitcoin
1016,24/06/2024,132.241394,solana,60277.41406,bitcoin
1017,25/06/2024,136.5592041,solana,61804.64063,bitcoin
1018,26/06/2024,136.6091461,solana,60811.27734,bitcoin
1019,27/06/2024,149.4483795,solana,61604.80078,bitcoin
1020,28/06/2024,139.7033997,solana,60320.13672,bitcoin
1021,29/06/2024,140.0101471,solana,60887.37891,bitcoin
1022,30/06/2024,146.4924927,solana,62678.29297,bitcoin
1023,01/07/2024,146.5950623,solana,62851.98047,bitcoin
1024,02/07/2024,153.7004852,solana,62029.01563,bitcoin
1025,03/07/2024,140.7314148,solana,60173.92188,bitcoin
1026,04/07/2024,127.5508194,solana,56977.70313,bitcoin
1027,05/07/2024,134.369339,solana,56662.375,bitcoin
1028,06/07/2024,143.2411804,solana,58303.53906,bitcoin
1029,07/07/2024,131.7740936,solana,55849.10938,bitcoin
1030,08/07/2024,139.4636993,solana,56705.09766,bitcoin
1031,09/07/2024,141.3484497,solana,58009.22656,bitcoin
1032,10/07/2024,141.9747925,solana,57742.49609,bitcoin
1033,11/07/2024,135.8832245,solana,57344.91406,bitcoin
1034,12/07/2024,139.5280151,solana,57899.46484,bitcoin
1035,13/07/2024,141.9249725,solana,59231.95313,bitcoin
1036,14/07/2024,147.6223145,solana,60787.79297,bitcoin
1037,15/07/2024,159.9339752,solana,64870.15234,bitcoin
1038,16/07/2024,160.5518799,solana,65097.14844,bitcoin
1039,17/07/2024,155.5841064,solana,64118.79297,bitcoin
1040,18/07/2024,159.0724182,solana,63974.06641,bitcoin
1041,19/07/2024,169.1858673,solana,66710.15625,bitcoin
1042,20/07/2024,173.8917847,solana,67163.64844,bitcoin
1043,21/07/2024,184.5416107,solana,68154.52344,bitcoin
1044,22/07/2024,178.9782867,solana,67585.25,bitcoin
1045,23/07/2024,172.7575684,solana,65927.67188,bitcoin
1046,24/07/2024,178.0323029,solana,65372.13281,bitcoin
1047,25/07/2024,171.9630737,solana,65777.22656,bitcoin
1048,26/07/2024,183.1367188,solana,67912.0625,bitcoin
1049,27/07/2024,184.0854034,solana,67813.33594,bitcoin
1050,28/07/2024,184.8860779,solana,68255.86719,bitcoin
1051,29/07/2024,182.7805939,solana,66819.91406,bitcoin
1052,30/07/2024,179.107193,solana,66201.01563,bitcoin
1053,31/07/2024,171.8261566,solana,64619.25,bitcoin
1054,01/08/2024,167.6721191,solana,65357.5,bitcoin
1055,02/08/2024,152.6382294,solana,61415.06641,bitcoin
1056,03/08/2024,142.9219971,solana,60680.09375,bitcoin
1057,04/08/2024,138.0550842,solana,58116.97656,bitcoin
1058,05/08/2024,129.8643036,solana,53991.45703,bitcoin
1059,06/08/2024,144.0903625,solana,56034.31641,bitcoin
1060,07/08/2024,144.6320953,solana,55027.46094,bitcoin
1061,08/08/2024,162.9307404,solana,61710.13672,bitcoin
1062,09/08/2024,156.4572144,solana,60880.11328,bitcoin
1063,10/08/2024,153.9591675,solana,60945.8125,bitcoin
1064,11/08/2024,141.5268555,solana,58719.48438,bitcoin
1065,12/08/2024,146.4542389,solana,59354.51563,bitcoin
1066,13/08/2024,146.7126923,solana,60609.56641,bitcoin
1067,14/08/2024,143.9234619,solana,58737.26953,bitcoin
1068,15/08/2024,142.7458191,solana,57560.09766,bitcoin
1069,16/08/2024,139.3305664,solana,58894.10547,bitcoin
1070,17/08/2024,141.7985077,solana,59478.97266,bitcoin
1071,18/08/2024,142.5868835,solana,58483.96484,bitcoin
1072,19/08/2024,144.343689,solana,59493.45313,bitcoin
1073,20/08/2024,143.1677399,solana,59012.79297,bitcoin
1074,21/08/2024,142.70961,solana,61175.19141,bitcoin
1075,22/08/2024,143.2579346,solana,60381.91406,bitcoin
1076,23/08/2024,153.1070862,solana,64094.35547,bitcoin
1077,24/08/2024,160.7317505,solana,64178.99219,bitcoin
1078,25/08/2024,158.9091187,solana,64333.54297,bitcoin
1079,26/08/2024,157.2368774,solana,62880.66016,bitcoin
1080,27/08/2024,146.8970947,solana,59504.13281,bitcoin
1081,28/08/2024,143.8913879,solana,59027.625,bitcoin
1082,29/08/2024,140.0540314,solana,59388.17969,bitcoin
1083,30/08/2024,138.0999908,solana,59119.47656,bitcoin
1084,31/08/2024,135.3742523,solana,58969.89844,bitcoin
1085,01/09/2024,128.6905518,solana,57325.48828,bitcoin
1086,02/09/2024,135.0023651,solana,59112.48047,bitcoin
1087,03/09/2024,127.5775833,solana,57431.02344,bitcoin
1088,04/09/2024,133.6039124,solana,57971.53906,bitcoin
1089,05/09/2024,129.328949,solana,56160.48828,bitcoin
1090,06/09/2024,124.9900742,solana,53948.75391,bitcoin
1091,07/09/2024,127.7215652,solana,54139.6875,bitcoin
1092,08/09/2024,129.9895172,solana,54841.56641,bitcoin
1093,09/09/2024,135.0256195,solana,57019.53516,bitcoin
1094,10/09/2024,135.6352234,solana,57648.71094,bitcoin
1095,11/09/2024,132.4973907,solana,57343.17188,bitcoin
1096,12/09/2024,136.1419067,solana,58127.01172,bitcoin
1097,13/09/2024,139.1005402,solana,60571.30078,bitcoin
1098,14/09/2024,137.1797791,solana,60005.12109,bitcoin
1099,15/09/2024,131.4993896,solana,59182.83594,bitcoin
1100,16/09/2024,131.4725952,solana,58192.50781,bitcoin
1101,17/09/2024,131.5370789,solana,60308.53906,bitcoin
1102,18/09/2024,133.9918518,solana,61649.67969,bitcoin
1103,19/09/2024,142.8362732,solana,62940.45703,bitcoin
1104,20/09/2024,146.566803,solana,63192.97656,bitcoin
1105,21/09/2024,149.5270386,solana,63394.83984,bitcoin
1106,22/09/2024,144.8036499,solana,63648.71094,bitcoin
1107,23/09/2024,144.8149872,solana,63329.80078,bitcoin
1108,24/09/2024,152.8921509,solana,64301.96875,bitcoin
1109,25/09/2024,148.0234222,solana,63143.14453,bitcoin
1110,26/09/2024,155.5760956,solana,65181.01953,bitcoin
1111,27/09/2024,157.749939,solana,65790.66406,bitcoin
1112,28/09/2024,156.9124298,solana,65887.64844,bitcoin
1113,29/09/2024,158.6291656,solana,65635.30469,bitcoin
1114,30/09/2024,152.6184692,solana,63329.5,bitcoin
1115,01/10/2024,145.2898865,solana,60837.00781,bitcoin
1116,02/10/2024,140.3855591,solana,60632.78516,bitcoin
1117,03/10/2024,136.7851868,solana,60759.40234,bitcoin
1118,04/10/2024,143.1722717,solana,62067.47656,bitcoin
1119,05/10/2024,142.7117462,solana,62089.94922,bitcoin
1120,06/10/2024,146.4423676,solana,62818.95313,bitcoin
1121,07/10/2024,143.9917908,solana,62236.66016,bitcoin
1122,08/10/2024,143.3944244,solana,62131.96875,bitcoin
1123,09/10/2024,139.3155365,solana,60582.10156,bitcoin
1124,10/10/2024,138.8884125,solana,60274.5,bitcoin
1125,11/10/2024,145.3811493,solana,62445.08984,bitcoin
1126,12/10/2024,146.5002899,solana,63193.02344,bitcoin
1127,13/10/2024,147.5724335,solana,62851.375,bitcoin
1128,14/10/2024,157.4451294,solana,66046.125,bitcoin
1129,15/10/2024,154.7206268,solana,67041.10938,bitcoin
1130,16/10/2024,154.2342224,solana,67612.71875,bitcoin
1131,17/10/2024,150.3160248,solana,67399.83594,bitcoin
1132,18/10/2024,154.9759369,solana,68418.78906,bitcoin
1133,19/10/2024,159.6393585,solana,68362.73438,bitcoin
1134,20/10/2024,166.9398193,solana,69001.70313,bitcoin
1135,21/10/2024,166.2168732,solana,67367.85156,bitcoin
1136,22/10/2024,167.2601471,solana,67361.40625,bitcoin
1137,23/10/2024,170.9324951,solana,66432.19531,bitcoin
1138,24/10/2024,177.1569366,solana,68161.05469,bitcoin
1139,25/10/2024,164.756897,solana,66642.41406,bitcoin
1140,26/10/2024,170.7059631,solana,67014.69531,bitcoin
1141,27/10/2024,176.5491943,solana,67929.29688,bitcoin
1142,28/10/2024,178.1049042,solana,69907.75781,bitcoin
1143,29/10/2024,179.3607483,solana,72720.49219,bitcoin
1144,30/10/2024,174.9249725,solana,72339.53906,bitcoin
1145,31/10/2024,168.4299927,solana,70215.1875,bitcoin
1146,01/11/2024,166.2621307,solana,69482.46875,bitcoin
1147,02/11/2024,166.0103455,solana,69289.27344,bitcoin
1148,03/11/2024,162.5513,solana,68741.11719,bitcoin
1149,04/11/2024,157.7471008,solana,67811.50781,bitcoin
1150,05/11/2024,166.7223969,solana,69359.5625,bitcoin
1151,06/11/2024,186.9547882,solana,75639.07813,bitcoin
1152,07/11/2024,196.3345947,solana,75904.85938,bitcoin
1153,08/11/2024,199.9390106,solana,76545.47656,bitcoin
1154,09/11/2024,200.1949158,solana,76778.86719,bitcoin
1155,10/11/2024,210.6137238,solana,80474.1875,bitcoin
1156,11/11/2024,222.6416779,solana,88701.48438,bitcoin
1157,12/11/2024,212.2318115,solana,87955.8125,bitcoin
1158,13/11/2024,215.1845551,solana,90584.16406,bitcoin
1159,14/11/2024,209.2190704,solana,87250.42969,bitcoin
1160,15/11/2024,218.0949097,solana,91066.00781,bitcoin
1161,16/11/2024,215.8488312,solana,90558.47656,bitcoin
1162,17/11/2024,237.575531,solana,89845.85156,bitcoin
1163,18/11/2024,239.7942505,solana,90542.64063,bitcoin
1164,19/11/2024,238.0975494,solana,92343.78906,bitcoin
1165,20/11/2024,235.4236603,solana,94339.49219,bitcoin
1166,21/11/2024,257.0658875,solana,98504.72656,bitcoin
1167,22/11/2024,256.5186768,solana,98997.66406,bitcoin
1168,23/11/2024,255.1785126,solana,97777.28125,bitcoin
1169,24/11/2024,252.9195251,solana,98013.82031,bitcoin
1170,25/11/2024,234.4466095,solana,93102.29688,bitcoin
1171,26/11/2024,230.9781952,solana,91985.32031,bitcoin
1172,27/11/2024,242.3022156,solana,95962.53125,bitcoin
1173,28/11/2024,237.7640076,solana,95652.46875,bitcoin
1174,29/11/2024,243.5494995,solana,97461.52344,bitcoin
1175,30/11/2024,237.7437439,solana,96449.05469,bitcoin
1176,01/12/2024,237.069931,solana,97279.78906,bitcoin
1177,02/12/2024,225.7561951,solana,95865.30469,bitcoin
1178,03/12/2024,234.2003174,solana,96002.16406,bitcoin
1179,04/12/2024,229.1192932,solana,98768.53125,bitcoin
1180,05/12/2024,233.998703,solana,96593.57031,bitcoin
1181,06/12/2024,237.0510712,solana,99920.71094,bitcoin
1182,07/12/2024,238.5479584,solana,99923.33594,bitcoin
1183,08/12/2024,236.6723328,solana,101236.0156,bitcoin
1184,09/12/2024,217.3414612,solana,97432.71875,bitcoin
1185,10/12/2024,213.8246155,solana,96675.42969,bitcoin
1186,11/12/2024,227.4468384,solana,101173.0313,bitcoin
1187,12/12/2024,227.0267181,solana,100043,bitcoin
1188,13/12/2024,224.8372955,solana,101459.2578,bitcoin
1189,14/12/2024,219.8407593,solana,101372.9688,bitcoin
1190,15/12/2024,223.6576691,solana,104298.6953,bitcoin
1191,16/12/2024,216.3349609,solana,106029.7188,bitcoin
1192,17/12/2024,222.8167267,solana,106140.6016,bitcoin
1193,18/12/2024,206.3817444,solana,100041.5391,bitcoin
1194,19/12/2024,194.2845154,solana,97490.95313,bitcoin
1195,20/12/2024,194.2081757,solana,97755.92969,bitcoin
1196,21/12/2024,181.3014526,solana,97224.72656,bitcoin
1197,22/12/2024,180.1689148,solana,95104.9375,bitcoin
1198,23/12/2024,189.7536926,solana,94686.24219,bitcoin
1199,24/12/2024,196.9890289,solana,98676.09375,bitcoin
1200,25/12/2024,197.4790802,solana,99299.19531,bitcoin
1201,26/12/2024,188.2181091,solana,95795.51563,bitcoin
1202,27/12/2024,183.828476,solana,94164.85938,bitcoin
1203,28/12/2024,195.0135345,solana,95163.92969,bitcoin
1204,29/12/2024,189.7442627,solana,93530.22656,bitcoin
1205,30/12/2024,191.0280457,solana,92643.21094,bitcoin
1206,31/12/2024,189.2644806,solana,93429.20313,bitcoin
1207,01/01/2025,193.8737335,solana,94419.75781,bitcoin
1208,02/01/2025,207.7670441,solana,96886.875,bitcoin
1209,03/01/2025,217.7473297,solana,98107.42969,bitcoin
1210,04/01/2025,216.6229248,solana,98236.22656,bitcoin
1211,05/01/2025,213.393631,solana,98314.96094,bitcoin
1212,06/01/2025,218.7231293,solana,102078.0859,bitcoin
1213,07/01/2025,202.2302551,solana,96922.70313,bitcoin
1214,08/01/2025,197.5590515,solana,95043.52344,bitcoin
1215,09/01/2025,185.0252838,solana,92484.03906,bitcoin
1216,10/01/2025,187.5791779,solana,94701.45313,bitcoin
1217,11/01/2025,187.9955139,solana,94566.59375,bitcoin
1218,12/01/2025,188.560379,solana,94488.4375,bitcoin
1219,13/01/2025,182.8353577,solana,94516.52344,bitcoin
1220,14/01/2025,187.4985962,solana,96534.04688,bitcoin
1221,15/01/2025,205.9113464,solana,100504.4922,bitcoin
1222,16/01/2025,211.2278442,solana,99756.90625,bitcoin
1223,17/01/2025,219.6216125,solana,104462.0391,bitcoin
1224,18/01/2025,261.869751,solana,104408.0703,bitcoin
1225,19/01/2025,250.5863647,solana,101089.6094,bitcoin
1226,20/01/2025,242.2502289,solana,102016.6641,bitcoin
1227,21/01/2025,250.4137878,solana,106146.2656,bitcoin
1228,22/01/2025,257.2373657,solana,103653.0703,bitcoin
1229,23/01/2025,253.4552002,solana,103960.1719,bitcoin
1230,24/01/2025,253.3612213,solana,104819.4844,bitcoin
1231,25/01/2025,256.0735779,solana,104714.6484,bitcoin
1232,26/01/2025,240.8834534,solana,102682.5,bitcoin
1233,27/01/2025,235.0744476,solana,102087.6875,bitcoin
1234,28/01/2025,227.2039642,solana,101332.4766,bitcoin
1235,29/01/2025,227.944931,solana,103703.2109,bitcoin
1236,30/01/2025,239.0231476,solana,104735.3047,bitcoin
1237,31/01/2025,231.6379089,solana,102405.0234,bitcoin
1238,01/02/2025,213.7850189,solana,100655.9063,bitcoin
1239,02/02/2025,203.1196289,solana,97688.97656,bitcoin
1240,03/02/2025,216.1495819,solana,101405.4219,bitcoin
1241,04/02/2025,207.09198,solana,97871.82031,bitcoin
1242,05/02/2025,195.9881439,solana,96615.44531,bitcoin
1243,06/02/2025,189.7724915,solana,96593.29688,bitcoin
1244,07/02/2025,192.2046509,solana,96529.08594,bitcoin
1245,08/02/2025,199.5998993,solana,96482.45313,bitcoin
1246,09/02/2025,200.4975586,solana,96500.09375,bitcoin
1247,10/02/2025,200.3563538,solana,97437.55469,bitcoin
1248,11/02/2025,197.9823608,solana,95747.42969,bitcoin
1249,12/02/2025,196.7738037,solana,97885.85938,bitcoin
1250,13/02/2025,194.4609528,solana,96623.86719,bitcoin
1251,14/02/2025,199.9356689,solana,97508.96875,bitcoin
1252,15/02/2025,194.4820862,solana,97580.35156,bitcoin
1253,16/02/2025,188.4864044,solana,96175.03125,bitcoin
1254,17/02/2025,177.689743,solana,95773.38281,bitcoin
1255,18/02/2025,169.0842896,solana,95539.54688,bitcoin
1256,19/02/2025,169.0108032,solana,96635.60938,bitcoin
1257,20/02/2025,176.0488892,solana,98333.9375,bitcoin
1258,21/02/2025,168.8916321,solana,96125.54688,bitcoin
1259,22/02/2025,172.1628571,solana,96577.75781,bitcoin
1260,23/02/2025,168.0381165,solana,96273.92188,bitcoin
1261,24/02/2025,141.9894867,solana,91418.17188,bitcoin
1262,25/02/2025,144.1077576,solana,88736.17188,bitcoin
1263,26/02/2025,134.8313293,solana,84347.02344,bitcoin
1264,27/02/2025,137.6208038,solana,84704.22656,bitcoin
1265,28/02/2025,148.030014,solana,84373.00781,bitcoin
1266,01/03/2025,143.675705,solana,86031.91406,bitcoin
1267,02/03/2025,178.4954987,solana,94248.35156,bitcoin
1268,03/03/2025,142.0210876,solana,86065.67188,bitcoin
1269,04/03/2025,144.9165802,solana,87222.19531,bitcoin
1270,05/03/2025,146.2673035,solana,90623.5625,bitcoin
1271,06/03/2025,143.3552246,solana,89961.72656,bitcoin
1272,07/03/2025,139.209137,solana,86742.67188,bitcoin
1273,08/03/2025,136.9420776,solana,86154.59375,bitcoin
1274,09/03/2025,126.4354324,solana,80601.03906,bitcoin
1275,10/03/2025,118.291748,solana,78532,bitcoin
1276,11/03/2025,125.2639465,solana,82862.21094,bitcoin
1277,12/03/2025,126.5832443,solana,83722.35938,bitcoin
1278,13/03/2025,123.2861481,solana,81066.70313,bitcoin
1279,14/03/2025,133.3144836,solana,83969.10156,bitcoin
1280,15/03/2025,135.9125366,solana,84343.10938,bitcoin
1281,16/03/2025,125.9881058,solana,82579.6875,bitcoin
1282,17/03/2025,128.1637115,solana,84075.6875,bitcoin
1283,18/03/2025,125.3126984,solana,82718.5,bitcoin
1284,19/03/2025,135.5725098,solana,86854.22656,bitcoin
1285,20/03/2025,127.4971848,solana,84167.19531,bitcoin
1286,21/03/2025,128.4303131,solana,84043.24219,bitcoin
1287,22/03/2025,128.4849854,solana,83832.48438,bitcoin
1288,23/03/2025,132.5993195,solana,86054.375,bitcoin
1289,24/03/2025,140.869278,solana,87498.91406,bitcoin
1290,25/03/2025,143.8170776,solana,87471.70313,bitcoin
1291,26/03/2025,137.2885742,solana,86900.88281,bitcoin
1292,27/03/2025,138.3473816,solana,87177.10156,bitcoin
1293,28/03/2025,129.4231567,solana,84353.14844,bitcoin
1294,29/03/2025,124.5876465,solana,82597.58594,bitcoin
1295,30/03/2025,124.6426315,solana,82334.52344,bitcoin
1296,31/03/2025,124.6941299,solana,82548.91406,bitcoin
1297,01/04/2025,126.6823807,solana,85169.17188,bitcoin
1298,02/04/2025,117.7576294,solana,82485.71094,bitcoin
1299,03/04/2025,117.0614548,solana,83102.82813,bitcoin
1300,04/04/2025,122.7868805,solana,83843.80469,bitcoin
1301,05/04/2025,120.2589951,solana,83504.79688,bitcoin
1302,06/04/2025,105.7120132,solana,78214.48438,bitcoin
1303,07/04/2025,106.9027786,solana,79235.33594,bitcoin
1304,08/04/2025,105.5121918,solana,76271.95313,bitcoin
1305,09/04/2025,119.0575409,solana,82573.95313,bitcoin
1306,10/04/2025,112.8039246,solana,79626.14063,bitcoin
1307,11/04/2025,121.5323792,solana,83404.83594,bitcoin
1308,12/04/2025,132.2605591,solana,85287.10938,bitcoin
1309,13/04/2025,128.5807953,solana,83684.97656,bitcoin
1310,14/04/2025,129.310379,solana,84542.39063,bitcoin
1311,15/04/2025,126.2631302,solana,83668.99219,bitcoin
1312,16/04/2025,131.4496918,solana,84033.86719,bitcoin
1313,17/04/2025,134.6987457,solana,84895.75,bitcoin
1314,18/04/2025,134.0735016,solana,84450.80469,bitcoin
1315,19/04/2025,139.7502594,solana,85063.41406,bitcoin
1316,20/04/2025,137.7745972,solana,85174.30469,bitcoin
1317,21/04/2025,136.7043915,solana,87518.90625,bitcoin
1318,22/04/2025,148.7394104,solana,93441.89063,bitcoin
1319,23/04/2025,151.1527252,solana,93699.10938,bitcoin
1320,24/04/2025,152.3036346,solana,93943.79688,bitcoin
1321,25/04/2025,150.9150085,solana,94720.5,bitcoin
1322,26/04/2025,149.2893677,solana,94646.92969,bitcoin
1323,27/04/2025,148.2458344,solana,93754.84375,bitcoin
1324,28/04/2025,147.8099365,solana,94978.75,bitcoin
1325,29/04/2025,146.4278717,solana,94284.78906,bitcoin
1326,30/04/2025,147.6432037,solana,94207.3125,bitcoin
1327,01/05/2025,150.8465881,solana,96492.33594,bitcoin
1328,02/05/2025,148.0500336,solana,96910.07031,bitcoin
1329,03/05/2025,146.796051,solana,95891.79688,bitcoin
1330,04/05/2025,143.9830627,solana,94315.97656,bitcoin
1331,05/05/2025,146.69664,solana,94748.05469,bitcoin
1332,06/05/2025,146.7664032,solana,96802.47656,bitcoin
1333,07/05/2025,147.2137451,solana,97032.32031,bitcoin
1334,08/05/2025,163.9607849,solana,103241.4609,bitcoin
1335,09/05/2025,172.8282776,solana,102970.8516,bitcoin
1336,10/05/2025,177.6218109,solana,104696.3281,bitcoin
1337,11/05/2025,173.0264587,solana,104106.3594,bitcoin
1338,12/05/2025,174.2478943,solana,102812.9531,bitcoin
1339,13/05/2025,184.0062561,solana,104169.8125,bitcoin
1340,14/05/2025,176.7092285,solana,103539.4141,bitcoin
1341,15/05/2025,169.0099945,solana,103744.6406,bitcoin
1342,16/05/2025,167.3339539,solana,103489.2891,bitcoin
1343,17/05/2025,165.9308319,solana,103191.0859,bitcoin
1344,18/05/2025,173.8987122,solana,106446.0078,bitcoin
1345,19/05/2025,166.8642273,solana,105606.1797,bitcoin
1346,20/05/2025,168.4836884,solana,106791.0859,bitcoin
1347,21/05/2025,173.6817322,solana,109678.0781,bitcoin
1348,22/05/2025,179.6909485,solana,111673.2813,bitcoin
1349,23/05/2025,173.8254242,solana,107287.7969,bitcoin
1350,24/05/2025,176.0424042,solana,107791.1563,bitcoin
1351,25/05/2025,175.7254791,solana,109035.3906,bitcoin
1352,26/05/2025,174.9078979,solana,109440.3672,bitcoin
1353,27/05/2025,176.8151855,solana,108994.6406,bitcoin
1354,28/05/2025,172.1895599,solana,107802.3281,bitcoin
1355,29/05/2025,166.5881805,solana,105641.7578,bitcoin
1356,30/05/2025,156.2347107,solana,103998.5703,bitcoin
1357,31/05/2025,156.6389465,solana,104638.0938,bitcoin
1358,01/06/2025,157.7845459,solana,105652.1016,bitcoin
1359,02/06/2025,156.9980621,solana,105881.5313,bitcoin
1360,03/06/2025,155.3431702,solana,105432.4688,bitcoin
1361,04/06/2025,153.3596497,solana,104731.9844,bitcoin
1362,05/06/2025,144.5429535,solana,101575.9531,bitcoin
1363,06/06/2025,147.9131317,solana,104390.3438,bitcoin
1364,07/06/2025,150.1340637,solana,105615.625,bitcoin
1365,08/06/2025,152.4300995,solana,105793.6484,bitcoin
1366,09/06/2025,161.0886536,solana,110294.1016,bitcoin
1367,10/06/2025,165.0281677,solana,110257.2344,bitcoin
1368,11/06/2025,161.0558624,solana,108686.625,bitcoin
1369,12/06/2025,152.7896729,solana,105929.0547,bitcoin
1370,13/06/2025,148.6283569,solana,106090.9688,bitcoin
1371,14/06/2025,144.7637482,solana,105472.4063,bitcoin
1372,15/06/2025,152.8143921,solana,105552.0234,bitcoin
1373,16/06/2025,150.8699951,solana,106796.7578,bitcoin
1374,17/06/2025,147.7498016,solana,104601.1172,bitcoin
1375,18/06/2025,146.3531189,solana,104883.3281,bitcoin
1376,19/06/2025,147.0714722,solana,104684.2891,bitcoin
1377,20/06/2025,140.1685944,solana,103309.6016,bitcoin
1378,21/06/2025,135.1610107,solana,102257.4063,bitcoin
1379,22/06/2025,131.6156921,solana,100987.1406,bitcoin
1380,23/06/2025,144.8467255,solana,105577.7734,bitcoin
1381,24/06/2025,145.9545288,solana,106045.6328,bitcoin
1382,25/06/2025,143.505127,solana,107361.2578,bitcoin
1383,26/06/2025,139.0598602,solana,106960,bitcoin
1384,27/06/2025,142.1914825,solana,107088.4297,bitcoin
1385,28/06/2025,150.8275604,solana,107327.7031,bitcoin
1386,29/06/2025,153.3530884,solana,108385.5703,bitcoin
1387,30/06/2025,154.7353058,solana,107135.3359,bitcoin
1388,01/07/2025,146.9266357,solana,105698.2813,bitcoin
1389,02/07/2025,152.2276306,solana,108859.3203,bitcoin
1390,03/07/2025,152.4017944,solana,109647.9766,bitcoin
1391,04/07/2025,147.7636414,solana,108034.3359,bitcoin
1392,05/07/2025,147.641449,solana,108231.1797,bitcoin
1393,06/07/2025,151.8729401,solana,109232.0703,bitcoin
1394,07/07/2025,148.872345,solana,108299.8516,bitcoin
1395,08/07/2025,151.8103943,solana,108950.2734,bitcoin
1396,09/07/2025,157.2815094,solana,111326.5547,bitcoin
1397,10/07/2025,164.0627747,solana,115987.2031,bitcoin
1398,11/07/2025,162.8833771,solana,117516.9922,bitcoin
1399,12/07/2025,160.684845,solana,117435.2266,bitcoin
1400,13/07/2025,161.1940155,solana,119116.1172,bitcoin
1401,14/07/2025,162.2752228,solana,119849.7031,bitcoin
1402,15/07/2025,163.9504395,solana,117777.1875,bitcoin
1403,16/07/2025,173.7084808,solana,118738.5078,bitcoin
1404,17/07/2025,175.793045,solana,119289.8438,bitcoin
1405,18/07/2025,177.3819733,solana,118003.2266,bitcoin
1406,19/07/2025,177.0701294,solana,117939.9766,bitcoin
1407,20/07/2025,181.5460358,solana,117300.7891,bitcoin
1408,21/07/2025,195.9942627,solana,117439.5391,bitcoin
1409,22/07/2025,205.7005463,solana,119995.4141,bitcoin
1410,23/07/2025,189.5429382,solana,118754.9609,bitcoin
1411,24/07/2025,182.6060638,solana,118368,bitcoin
1412,25/07/2025,186.7796631,solana,117635.8828,bitcoin
1413,26/07/2025,184.9138794,solana,117947.3672,bitcoin
1414,27/07/2025,188.73349,solana,119448.4922,bitcoin
1415,28/07/2025,182.5415649,solana,117924.4766,bitcoin
1416,29/07/2025,181.3353119,solana,117922.1484,bitcoin
1417,30/07/2025,177.6940155,solana,117831.1875,bitcoin
1418,31/07/2025,172.4243469,solana,115758.2031,bitcoin
1419,01/08/2025,162.8770905,solana,113320.0859,bitcoin
1420,02/08/2025,158.483017,solana,112526.9141,bitcoin
1421,03/08/2025,161.9549713,solana,114217.6719,bitcoin
1422,04/08/2025,169.4256897,solana,115071.8828,bitcoin
1423,05/08/2025,164.0964355,solana,114141.4453,bitcoin
1424,06/08/2025,168.1757355,solana,115028,bitcoin
1425,07/08/2025,175.4854279,solana,117496.8984,bitcoin
1426,08/08/2025,176.7632904,solana,116688.7266,bitcoin
1427,09/08/2025,180.1823425,solana,116500.3594,bitcoin
1428,10/08/2025,182.9030151,solana,119306.7578,bitcoin
1429,11/08/2025,174.9778137,solana,118731.4453,bitcoin
1430,12/08/2025,191.8568268,solana,120172.9063,bitcoin
1431,13/08/2025,201.5904236,solana,123344.0625,bitcoin
1432,14/08/2025,192.5859528,solana,118359.5781,bitcoin
1433,15/08/2025,185.7412567,solana,117398.3516,bitcoin
1434,16/08/2025,189.7669983,solana,117491.3516,bitcoin
1435,17/08/2025,191.1648254,solana,117453.0625,bitcoin
1436,18/08/2025,183.06987,solana,116252.3125,bitcoin
1437,19/08/2025,176.1122742,solana,112831.1797,bitcoin
1438,20/08/2025,187.5863037,solana,114274.7422,bitcoin
1439,21/08/2025,180.2806244,solana,112419.0313,bitcoin
1440,22/08/2025,200.6474457,solana,116874.0859,bitcoin
1441,23/08/2025,203.9367371,solana,115374.3281,bitcoin
1442,24/08/2025,205.8523712,solana,113458.4297,bitcoin
1443,25/08/2025,187.2784424,solana,110124.3516,bitcoin
1444,26/08/2025,195.9050903,solana,111802.6563,bitcoin
1445,27/08/2025,202.9233704,solana,111222.0625,bitcoin
1446,28/08/2025,214.4056396,solana,112544.8047,bitcoin
1447,29/08/2025,205.2200012,solana,108410.8359,bitcoin
1448,30/08/2025,202.8601379,solana,108808.0703,bitcoin
1449,31/08/2025,200.8635406,solana,108236.7109,bitcoin
1450,01/09/2025,197.1083374,solana,109250.5938,bitcoin
1451,02/09/2025,209.4815369,solana,111200.5859,bitcoin
1452,03/09/2025,210.7463074,solana,111723.2109,bitcoin
1453,04/09/2025,202.5601807,solana,110723.6016,bitcoin
1454,05/09/2025,203.4985199,solana,110650.9844,bitcoin
1455,06/09/2025,200.2463074,solana,110224.6953,bitcoin
1456,07/09/2025,206.4681854,solana,111167.6172,bitcoin
1457,08/09/2025,214.1864014,solana,112071.4297,bitcoin
1458,09/09/2025,217.2506866,solana,111530.5469,bitcoin
1459,10/09/2025,223.986908,solana,113955.3594,bitcoin
1460,11/09/2025,228.7561798,solana,115507.5391,bitcoin
1461,12/09/2025,242.3032837,solana,116101.5781,bitcoin
1462,13/09/2025,242.5959015,solana,115950.5078,bitcoin
1463,14/09/2025,240.5576935,solana,115407.6563,bitcoin
1464,15/09/2025,234.3575592,solana,115444.875,bitcoin
1465,16/09/2025,236.9895782,solana,116843.1875,bitcoin
1466,17/09/2025,244.8574524,solana,116468.5078,bitcoin
1467,18/09/2025,247.6371307,solana,117137.2031,bitcoin
1468,19/09/2025,238.5527039,solana,115688.8594,bitcoin
1469,20/09/2025,239.5924835,solana,115721.9609,bitcoin
1470,21/09/2025,236.5754547,solana,115306.0938,bitcoin
1471,22/09/2025,220.4964447,solana,112748.5078,bitcoin
1472,23/09/2025,213.7173004,solana,112014.5,bitcoin
1473,24/09/2025,211.7562561,solana,113328.6328,bitcoin
1474,25/09/2025,192.3807678,solana,109049.2891,bitcoin
1475,26/09/2025,205.3525543,solana,109712.8281,bitcoin
1476,27/09/2025,203.5833282,solana,109681.9453,bitcoin
1477,28/09/2025,210.7377472,solana,112122.6406,bitcoin
1478,29/09/2025,213.0534058,solana,114400.3828,bitcoin
1479,30/09/2025,208.7431183,solana,114056.0859,bitcoin
1480,01/10/2025,221.6758728,solana,118648.9297,bitcoin
1481,02/10/2025,234.8568726,solana,120681.2578,bitcoin
1482,03/10/2025,233.0019684,solana,122266.5313,bitcoin
1483,04/10/2025,228.0032043,solana,122425.4297,bitcoin
1484,05/10/2025,228.6011963,solana,123513.4766,bitcoin
1485,06/10/2025,232.516037,solana,124752.5313,bitcoin
1486,07/10/2025,220.4827118,solana,121451.3828,bitcoin
1487,08/10/2025,229.1012115,solana,123354.8672,bitcoin
1488,09/10/2025,220.9910736,solana,121705.5859,bitcoin
1489,10/10/2025,188.6638641,solana,113214.3672,bitcoin
1490,11/10/2025,178.0541687,solana,110807.8828,bitcoin
1491,12/10/2025,197.5085449,solana,115169.7656,bitcoin
1492,13/10/2025,208.3672943,solana,115271.0781,bitcoin
1493,14/10/2025,202.4603424,solana,113118.6641,bitcoin
1494,15/10/2025,194.0218658,solana,110783.1641,bitcoin
1495,16/10/2025,184.6889496,solana,108186.0391,bitcoin
1496,17/10/2025,182.03479,solana,106467.7891,bitcoin
1497,18/10/2025,187.6602936,solana,107198.2656,bitcoin
1498,19/10/2025,187.7982025,solana,108666.7109,bitcoin
1499,20/10/2025,189.7506714,solana,110588.9297,bitcoin
1500,21/10/2025,185.666275,solana,108476.8906,bitcoin
1501,22/10/2025,180.1481323,solana,107688.5859,bitcoin
1502,23/10/2025,191.3882751,solana,110069.7266,bitcoin
1503,24/10/2025,193.5602264,solana,111033.9219,bitcoin
1504,25/10/2025,194.0403748,solana,111641.7266,bitcoin
1505,26/10/2025,200.0286255,solana,114472.4453,bitcoin
1506,27/10/2025,198.7417145,solana,114119.3281,bitcoin
1507,28/10/2025,194.4427948,solana,112956.1641,bitcoin
1508,29/10/2025,194.4108734,solana,110055.3047,bitcoin
1509,30/10/2025,184.6244202,solana,108305.5469,bitcoin
1510,31/10/2025,187.2094727,solana,109556.1641,bitcoin
1511,01/11/2025,186.3800507,solana,110064.0156,bitcoin
1512,02/11/2025,187.8259735,solana,110639.625,bitcoin
1513,03/11/2025,166.0906982,solana,106547.5234,bitcoin
1514,04/11/2025,155.403183,solana,101590.5234,bitcoin
1515,05/11/2025,162.5660706,solana,103891.8359,bitcoin
1516,06/11/2025,155.065918,solana,101301.2891,bitcoin
1517,07/11/2025,161.7081757,solana,103372.4063,bitcoin
1518,08/11/2025,158.1025085,solana,102282.1172,bitcoin
1519,09/11/2025,164.4538422,solana,104719.6406,bitcoin
1520,10/11/2025,167.3670044,solana,105996.5938,bitcoin
1521,11/11/2025,154.5683289,solana,102997.4688,bitcoin
1522,12/11/2025,153.2620392,solana,101663.1875,bitcoin
1523,13/11/2025,145.1084747,solana,99697.49219,bitcoin
1524,14/11/2025,138.6766052,solana,94397.78906,bitcoin
1525,15/11/2025,139.535202,solana,95549.14844,bitcoin
1526,16/11/2025,137.2657318,solana,94177.07813,bitcoin
1527,17/11/2025,130.8482666,solana,92093.875,bitcoin
1528,18/11/2025,140.714386,solana,92948.875,bitcoin
1529,19/11/2025,136.7669525,solana,91465.99219,bitcoin
1530,20/11/2025,133.5171509,solana,86631.89844,bitcoin
1531,21/11/2025,128.5005035,solana,85090.6875,bitcoin
1532,22/11/2025,127.5512009,solana,84648.35938,bitcoin
1533,23/11/2025,130.7050629,solana,86805.00781,bitcoin
1534,24/11/2025,138.3713531,solana,88270.5625,bitcoin
1535,25/11/2025,138.8911438,solana,87341.89063,bitcoin
1536,26/11/2025,143.0121918,solana,90518.36719,bitcoin
1537,27/11/2025,140.846405,solana,91285.375,bitcoin
1538,28/11/2025,137.3901978,solana,90919.26563,bitcoin
1539,29/11/2025,136.0817108,solana,90851.75781,bitcoin
1540,30/11/2025,133.5648193,solana,90394.3125,bitcoin
1541,01/12/2025,126.7090225,solana,86321.57031,bitcoin
1542,02/12/2025,138.6742096,solana,91350.20313,bitcoin
1543,03/12/2025,144.8984985,solana,93527.80469,bitcoin
1544,04/12/2025,139.0145264,solana,92141.625,bitcoin
1545,05/12/2025,133.322998,solana,89387.75781,bitcoin
1546,06/12/2025,132.3484497,solana,89272.375,bitcoin
1547,07/12/2025,132.0935669,solana,90405.64063,bitcoin
1548,08/12/2025,133.2782288,solana,90640.20313,bitcoin
1549,09/12/2025,137.9016113,solana,92691.71094,bitcoin
1550,10/12/2025,136.4690247,solana,92020.94531,bitcoin
1551,11/12/2025,136.3715668,solana,92511.33594,bitcoin
1552,12/12/2025,132.324295,solana,90270.41406,bitcoin
1553,13/12/2025,133.247467,solana,90298.71094,bitcoin
1554,14/12/2025,129.4810944,solana,88175.17969,bitcoin
1555,15/12/2025,127.7571182,solana,86419.78125,bitcoin
1556,16/12/2025,129.2512054,solana,87843.98438,bitcoin
1557,17/12/2025,123.1198044,solana,86143.75781,bitcoin
1558,18/12/2025,119.5701523,solana,85462.50781,bitcoin
1559,19/12/2025,126.192749,solana,88103.38281,bitcoin
1560,20/12/2025,125.8090363,solana,88344,bitcoin
1561,21/12/2025,125.9915009,solana,88621.75,bitcoin
1562,22/12/2025,125.8012314,solana,88490.01563,bitcoin
1563,23/12/2025,123.8572159,solana,87414,bitcoin
1564,24/12/2025,122.4586029,solana,87611.96094,bitcoin
1565,25/12/2025,119.9471207,solana,87234.74219,bitcoin
1566,26/12/2025,122.1959534,solana,87301.42969,bitcoin
1567,27/12/2025,124.6477127,solana,87802.15625,bitcoin
1568,28/12/2025,125.1993561,solana,87835.83594,bitcoin
1569,29/12/2025,123.1252289,solana,87138.14063,bitcoin
1570,30/12/2025,124.9313202,solana,88430.13281,bitcoin
1571,31/12/2025,124.4844666,solana,87508.82813,bitcoin
1572,01/01/2026,126.7611237,solana,88731.98438,bitcoin
1573,02/01/2026,132.133667,solana,89944.69531,bitcoin
1574,03/01/2026,133.2984772,solana,90603.1875,bitcoin
1575,04/01/2026,133.8996124,solana,91413.49219,bitcoin
1576,05/01/2026,137.989975,solana,93882.55469,bitcoin
1577,06/01/2026,141.0984192,solana,93729.03125,bitcoin
1578,07/01/2026,136.3130188,solana,91308.05469,bitcoin
1579,08/01/2026,138.2934265,solana,91027.125,bitcoin
1580,09/01/2026,135.7563934,solana,90513.10156,bitcoin
1581,10/01/2026,135.727005,solana,90386.64844,bitcoin
1582,11/01/2026,139.4904633,solana,90827.46094,bitcoin
1583,12/01/2026,139.1361847,solana,91192.99219,bitcoin
1584,13/01/2026,145.3608704,solana,95321.78125,bitcoin
1585,14/01/2026,146.7528076,solana,96929.32813,bitcoin
1586,15/01/2026,142.3324432,solana,95551.1875,bitcoin
1587,16/01/2026,144.8604736,solana,95525.11719,bitcoin
1588,17/01/2026,143.7256775,solana,95099.92188,bitcoin
1589,18/01/2026,137.9954224,solana,93634.42969,bitcoin
1590,19/01/2026,133.3386993,solana,92553.59375,bitcoin
1591,20/01/2026,125.7057266,solana,88310.90625,bitcoin
1592,21/01/2026,129.3790741,solana,89376.96094,bitcoin
1593,22/01/2026,128.2883453,solana,89462.45313,bitcoin
1594,23/01/2026,127.3615799,solana,89503.875,bitcoin
1595,24/01/2026,127.0538177,solana,89110.73438,bitcoin
1596,25/01/2026,118.7728577,solana,86572.21875,bitcoin
1597,26/01/2026,124.1397247,solana,88267.14063,bitcoin
1598,27/01/2026,127.0547943,solana,89102.57031,bitcoin
1599,28/01/2026,125.1184464,solana,89184.57031,bitcoin
1600,29/01/2026,117.6057663,solana,84561.58594,bitcoin
1601,30/01/2026,117.3630371,solana,84128.65625,bitcoin
1602,31/01/2026,105.4416504,solana,78621.11719,bitcoin
1603,01/02/2026,100.8505249,solana,76974.44531,bitcoin
1604,02/02/2026,104.4711533,solana,78688.76563,bitcoin
1605,03/02/2026,97.56390381,solana,75633.54688,bitcoin
1606,04/02/2026,92.0293045,solana,73019.70313,bitcoin
1607,05/02/2026,78.18741608,solana,62702.09766,bitcoin
1608,06/02/2026,87.46477509,solana,70555.39063,bitcoin
1609,07/02/2026,87.63983154,solana,69281.96875,bitcoin
1610,08/02/2026,87.04410553,solana,70264.72656,bitcoin
1611,09/02/2026,86.70178223,solana,70120.78125,bitcoin
1612,10/02/2026,82.91548157,solana,68793.96094,bitcoin
1613,11/02/2026,79.25424957,solana,66991.96875,bitcoin
1614,12/02/2026,78.34844208,solana,66221.84375,bitcoin
1615,13/02/2026,84.32254028,solana,68857.84375,bitcoin
1616,14/02/2026,88.16083527,solana,69767.625,bitcoin
1617,15/02/2026,86.00509644,solana,68788.1875,bitcoin
1618,16/02/2026,86.42878723,solana,68843.15625,bitcoin
1619,17/02/2026,85.19760895,solana,67494.21875,bitcoin
1620,18/02/2026,81.56694794,solana,66425.32031,bitcoin
1621,19/02/2026,82.39324951,solana,66957.52344,bitcoin
1622,20/02/2026,84.63510895,solana,68005.42188,bitcoin
1623,21/02/2026,85.21113586,solana,68003.76563,bitcoin
1624,22/02/2026,82.79097748,solana,67659.39063,bitcoin
1625,23/02/2026,77.75331879,solana,64616.73828,bitcoin
1626,24/02/2026,79.03652191,solana,64080.04297,bitcoin
1627,25/02/2026,87.91560364,solana,67960.125,bitcoin
1628,26/02/2026,85.90911865,solana,67453.77344,bitcoin
1629,27/02/2026,81.95148468,solana,65881.79688,bitcoin
1630,28/02/2026,84.36618042,solana,66995.85938,bitcoin
1631,01/03/2026,83.57765961,solana,65738.10156,bitcoin
1632,02/03/2026,86.63452148,solana,68775.85156,bitcoin
1633,03/03/2026,87.0197525,solana,68293.64844,bitcoin
1634,04/03/2026,90.83426666,solana,72710.57813,bitcoin
1635,05/03/2026,88.6911087,solana,70841.125,bitcoin
1636,06/03/2026,84.68180084,solana,68136.49219,bitcoin
1637,07/03/2026,83.17995453,solana,67272.59375,bitcoin
1638,08/03/2026,81.62458801,solana,65969.78125,bitcoin
1639,09/03/2026,84.93617249,solana,68402.38281,bitcoin
1640,10/03/2026,85.83822632,solana,69926.92188,bitcoin
1641,11/03/2026,86.56493378,solana,70204.88281,bitcoin
1642,12/03/2026,86.86779022,solana,70493.46094,bitcoin
1643,13/03/2026,88.15328979,solana,70968.26563,bitcoin
1644,14/03/2026,88.07068634,solana,71214.625,bitcoin
1645,15/03/2026,92.25182343,solana,72789.91406,bitcoin
1646,16/03/2026,96.22372437,solana,74861.08594,bitcoin
1647,17/03/2026,94.70597076,solana,73922.47656,bitcoin
1648,18/03/2026,90.0657196,solana,71245.57813,bitcoin
1649,19/03/2026,88.91784668,solana,69912.78906,bitcoin
1650,20/03/2026,89.85356903,solana,70522.58594,bitcoin
1651,21/03/2026,87.46537018,solana,68711.52344,bitcoin
1652,22/03/2026,86.1283493,solana,67845.21094,bitcoin
1653,23/03/2026,91.4240799,solana,70914.85938,bitcoin
1654,24/03/2026,90.82242584,solana,70517.85938,bitcoin
1655,25/03/2026,91.70822144,solana,71309.88281,bitcoin
1656,26/03/2026,86.44393158,solana,68791.625,bitcoin
1657,27/03/2026,83.01882935,solana,66338.375,bitcoin
1658,28/03/2026,82.01560211,solana,66319.69531,bitcoin
1659,29/03/2026,81.42240143,solana,65954.92188,bitcoin
1660,30/03/2026,82.44405365,solana,66691.44531,bitcoin
1661,31/03/2026,83.10646057,solana,68233.3125,bitcoin
1662,01/04/2026,81.19525909,solana,68078.55469,bitcoin
1663,02/04/2026,78.95131683,solana,66888.57031,bitcoin
1664,03/04/2026,80.36854553,solana,66931.10156,bitcoin
1665,04/04/2026,80.80838013,solana,67290.51563,bitcoin
1666,05/04/2026,81.85449219,solana,68981.89844,bitcoin
1667,06/04/2026,80.15157318,solana,68859.82813,bitcoin
1668,07/04/2026,85.64801025,solana,71940.70313,bitcoin
1669,08/04/2026,82.58169556,solana,71123.35938,bitcoin
1670,09/04/2026,83.29772949,solana,71767.82813,bitcoin
1671,10/04/2026,84.82847595,solana,72979.04688,bitcoin
1672,11/04/2026,84.94876862,solana,73054.27344,bitcoin
1673,12/04/2026,81.53523254,solana,70753.40625,bitcoin
1674,13/04/2026,86.65656281,solana,74484.64063,bitcoin
1675,14/04/2026,83.77462769,solana,74181.60938,bitcoin
1676,15/04/2026,84.91933441,solana,74805.07813,bitcoin
1677,16/04/2026,88.99420929,solana,75152.13281,bitcoin
1678,17/04/2026,88.87416077,solana,77126.875,bitcoin
1679,18/04/2026,86.20271301,solana,75726.21094,bitcoin
1680,19/04/2026,83.58094788,solana,73856.35156,bitcoin
1681,20/04/2026,85.33295441,solana,75872.52344,bitcoin
1682,21/04/2026,86.02946472,solana,76352.77344,bitcoin
1683,22/04/2026,86.91582489,solana,78203.10156,bitcoin
1684,23/04/2026,86.14105988,solana,78268.95313,bitcoin
1685,24/04/2026,86.23188019,solana,77455.3125,bitcoin
1686,25/04/2026,86.15117645,solana,77612.01563,bitcoin
1687,26/04/2026,86.97038269,solana,78657.53906,bitcoin
1688,27/04/2026,84.81778717,solana,77366.625,bitcoin
1689,28/04/2026,84.03897858,solana,76350.67188,bitcoin
1690,29/04/2026,83.02687073,solana,75776.13281,bitcoin
1691,30/04/2026,83.02375793,solana,76304.32031,bitcoin
1692,01/05/2026,83.72350311,solana,78179,bitcoin
1693,02/05/2026,84.27661133,solana,78657.25,bitcoin
1694,03/05/2026,83.89957428,solana,78538.22656,bitcoin
1695,04/05/2026,84.08985901,solana,79827.90625,bitcoin
1696,05/05/2026,86.31919098,solana,80927.05469,bitcoin
1697,06/05/2026,89.14501953,solana,81427.53125,bitcoin
1698,07/05/2026,88.40478516,solana,80009.99219,bitcoin
1699,08/05/2026,91.94982147,solana,80186.76563,bitcoin
1700,09/05/2026,93.14551544,solana,80664.36719,bitcoin
1701,10/05/2026,96.42698669,solana,82138.92969,bitcoin
1702,11/05/2026,97.35015106,solana,81728.29688,bitcoin
1703,12/05/2026,94.28429413,solana,80477.49219,bitcoin
1704,13/05/2026,91.08547211,solana,79277.11719,bitcoin
1705,14/05/2026,92.14872742,solana,81051.25,bitcoin
1706,15/05/2026,89.20035553,solana,79065.67969,bitcoin
1707,16/05/2026,86.53648376,solana,78131.4375,bitcoin
1708,17/05/2026,85.17295074,solana,77429.35156,bitcoin
1709,18/05/2026,85.29689789,solana,76954.17188,bitcoin
1710,19/05/2026,84.20860291,solana,76750.90625,bitcoin
1711,20/05/2026,86.04193878,solana,77457.77344,bitcoin
1712,21/05/2026,87.15620422,solana,77539.17188,bitcoin
1713,22/05/2026,84.30709076,solana,75488.24219,bitcoin
1714,23/05/2026,85.65848541,solana,76673.36719,bitcoin
1715,24/05/2026,85.24969482,solana,76981.125,bitcoin
1716,25/05/2026,85.01050568,solana,77279.92969,bitcoin
1717,26/05/2026,83.58651733,solana,75825.73438,bitcoin
1718,27/05/2026,82.36812592,solana,74344.70313,bitcoin
1719,28/05/2026,81.98542786,solana,73536.55469,bitcoin
1720,29/05/2026,81.93248749,solana,73372.52344,bitcoin
1721,30/05/2026,82.54729462,solana,73754.83594,bitcoin
1722,31/05/2026,82.2983017,solana,73579.6875,bitcoin
1723,01/06/2026,81.08702087,solana,71319.77344,bitcoin
1724,02/06/2026,74.14286041,solana,66703.65625,bitcoin
1725,03/06/2026,71.61238098,solana,64014.36719,bitcoin
1726,04/06/2026,68.71892548,solana,63801.57422,bitcoin
1727,05/06/2026,63.48694229,solana,60922.66797,bitcoin
1728,06/06/2026,62.18980408,solana,60867.41406,bitcoin
1729,07/06/2026,66.3106308,solana,63239.51953,bitcoin
1730,08/06/2026,66.79495239,solana,63090.58984,bitcoin
1731,09/06/2026,64.96205902,solana,61643.78125,bitcoin
1732,10/06/2026,63.16095352,solana,61449.28906,bitcoin
1733,11/06/2026,66.82200623,solana,63561.05469,bitcoin
1734,12/06/2026,66.74927521,solana,63543.19922,bitcoin
1735,13/06/2026,68.87278748,solana,64421.32422,bitcoin
1736,14/06/2026,71.16618347,solana,65710.39844,bitcoin
1737,15/06/2026,73.97933197,solana,66289.5,bitcoin
1738,16/06/2026,73.41378784,solana,65600.64063,bitcoin
1739,17/06/2026,71.9309845,solana,64418.44531,bitcoin
1740,18/06/2026,69.62649536,solana,62896.47266,bitcoin
1741,19/06/2026,69.72060394,solana,63540.83594,bitcoin
1742,20/06/2026,73.1726532,solana,64239.67578,bitcoin
1743,21/06/2026,72.41815948,solana,63237.53906,bitcoin
1744,22/06/2026,71.90816498,solana,63952.10547,bitcoin
1745,23/06/2026,69.64368439,solana,62668.01953,bitcoin
1746,24/06/2026,67.98249817,solana,60995.13281,bitcoin
1747,25/06/2026,67.57408905,solana,59721.67578,bitcoin
1748,26/06/2026,71.83538055,solana,60016.42969,bitcoin
1749,27/06/2026,70.41069794,solana,59940.09766,bitcoin
1750,28/06/2026,71.3129425,solana,59532.33984,bitcoin
1751,29/06/2026,74.94681549,solana,60138.37891,bitcoin
1752,30/06/2026,73.5233078,solana,58558.85938,bitcoin
1753,01/07/2026,77.38370514,solana,60003.75781,bitcoin
1754,02/07/2026,80.64398193,solana,61485.30078,bitcoin
1755,03/07/2026,82.28005981,solana,62544.19922,bitcoin
1756,04/07/2026,81.64963531,solana,63088.30469,bitcoin
1757,05/07/2026,81.4230423,solana,63547.88281,bitcoin
1758,06/07/2026,81.91517639,solana,63995.01563,bitcoin
1759,07/07/2026,80.64870453,solana,63297.39453,bitcoin
1760,08/07/2026,77.78702545,solana,62257.57422,bitcoin
1761,09/07/2026,78.04546356,solana,63193.14844,bitcoin
1762,10/07/2026,78.06661224,solana,64127.14063,bitcoin
1763,11/07/2026,76.82416534,solana,63802.02734,bitcoin
1764,12/07/2026,76.87384033,solana,63758.21875,bitcoin
1765,13/07/2026,74.86138916,solana,62239.12109,bitcoin
1766,14/07/2026,77.76244354,solana,64956.11328,bitcoin
1767,15/07/2026,77.2640686,solana,64712.375,bitcoin
1768,16/07/2026,75.27197266,solana,63789.28125,bitcoin
1769,17/07/2026,75.01159668,solana,63899.46094,bitcoin
1770,18/07/2026,75.46090698,solana,64796.60156,bitcoin
1771,19/07/2026,76.35526276,solana,64690.80469,bitcoin
1772,20/07/2026,77.79191589,solana,65230.02734,bitcoin
1773,21/07/2026,78.10860443,solana,66505.125,bitcoin
1774,22/07/2026,77.90626526,solana,66100.79688,bitcoin
1775,23/07/2026,75.85980225,solana,65044.8125,bitcoin
1776,24/07/2026,73.87991333,solana,64098.49609,bitcoin
1777,25/07/2026,74.42856598,solana,64311.8125,bitcoin
1778,26/07/2026,76.60216522,solana,65340.30078,bitcoin
1779,27/07/2026,74.1418457,solana,63724.89844,bitcoin
1780,28/07/2026,73.6991272,solana,63871.36328,bitcoin
1781,29/07/2026,73.59720612,solana,63908.16797,bitcoin
1782,30/07/2026,74.46800232,solana,64725.30859,bitcoin
1783,31/07/2026,72.78968048,solana,62813.74609,bitcoin
1784,01/08/2026,71.8662796,solana,62763.32031,bitcoin
1785,02/08/2026,73.44882202,solana,63482,bitcoin
1786,03/08/2026,73.47370148,solana,63460.89844,bitcoin
1787,04/08/2026,73.71775818,solana,64055.95313,bitcoin
1788,05/08/2026,73.96138,solana,64597.5,bitcoin
1789,06/08/2026,72.57652283,solana,64262.11328,bitcoin
1790,07/08/2026,73.64265442,solana,64880.19141,bitcoin
1791,08/08/2026,75.97223663,solana,64904.6875,bitcoin
1792,09/08/2026,76.21212769,solana,64844.88672,bitcoin
1793,10/08/2026,75.94520569,solana,63910.58594,bitcoin
1794,11/08/2026,76.19506073,solana,63551.875,bitcoin
1795,12/08/2026,75.52548981,solana,63402.43359,bitcoin
1796,13/08/2026,76.17732239,solana,63402.17188,bitcoin
1797,14/08/2026,75.32730865,solana,62975.59375,bitcoin
1798,15/08/2026,75.27230072,solana,63024.32031,bitcoin
1799,16/08/2026,74.53901672,solana,62818.65234,bitcoin
1800,17/08/2026,75.94406891,solana,64506.25391,bitcoin
1801,18/08/2026,77.03120422,solana,64680.71094,bitcoin
1802,19/08/2026,85.3744812,solana,69266.1875,bitcoin
1803,20/08/2026,87.63694,solana,73032.75781,bitcoin
1804,21/08/2026,93.65361023,solana,78335.1875,bitcoin
1805,22/08/2026,93.91252899,solana,77083.41406,bitcoin
1806,23/08/2026,95.44223022,solana,77755.26563,bitcoin
1807,24/08/2026,98.5616684,solana,78964.48438,bitcoin
1808,25/08/2026,96.60353851,solana,78564.97656,bitcoin
1809,26/08/2026,102.1674347,solana,79027.42188,bitcoin
1810,27/08/2026,109.2082443,solana,80257.53906,bitcoin
1811,28/08/2026,104.1269531,solana,77830.28906,bitcoin
1812,29/08/2026,105.6520233,solana,78245.8125,bitcoin
1813,30/08/2026,101.8766937,solana,77667.57031,bitcoin
1814,31/08/2026,102.9969025,solana,78548.63281,bitcoin
1815,01/09/2026,99.98687744,solana,77403.625,bitcoin
1816,02/09/2026,100.3856201,solana,77300.47656,bitcoin
1817,03/09/2026,103.9783554,solana,81271.74219,bitcoin
1818,04/09/2026,101.9494858,solana,79671.96875,bitcoin
1819,05/09/2026,103.1876297,solana,79823.86719,bitcoin
1820,06/09/2026,106.4476318,solana,80350.04688,bitcoin
1821,07/09/2026,103.8662338,solana,79115.85156,bitcoin
1822,08/09/2026,103.3251266,solana,78438.57813,bitcoin
1823,09/09/2026,101.6080627,solana,78259.52344,bitcoin
1824,10/09/2026,98.68991089,solana,76568.125,bitcoin
1825,11/09/2026,102.3962479,solana,77173.79688,bitcoin
1826,12/09/2026,101.7399979,solana,77344.07813,bitcoin
